GivenName,Surname
Flora,Walker
Zukashizukashika,
Darcie,Campbell
Kaitlin,Gordon
Annabel,McIntosh
Betsy,Hall
M'kota,Khard
Myla,McIntyre
Krisztián,Szôlôsi
Wilimar,Goldworthy
R'Kana,Rovashi
Bertha,Brownlock
Lisa,Pratt
Jamie,Key
Aurelia,Lovász
Abbey,Hamilton
Shijqa,Kor
Bodor,Székely
Darrell,Thrower
Orgulas,Sandyman
Katojikutamo,
Zukululushikufu,
Gorbulas,Sackville
Fredegar,Goold
Roderic,Goodchild
Rinkashimikika,
Kandel,Kufey
Baeli,Klinlor
Hasan,Hay
Anthony,Erickson
Yolanda,Took
Miklós,Várady
Aririkashimoto,
Shimotokatate,
Jonathan,Cannon
Carolyn,Metheny
Shijqa,Torghn
Cili,Lévay
Hildifons,Hornblower
Fanni,Csizmazia
W'Sira,Subaiesh
Ervin,Takács
Kahla,Semparri
Kalitta,G'Iogh
Frances,Bradley
Jed,Glass
Blanco,Rumble
Stella,Bell
Elsa,Fraser
Alfrida,Tûk
Eglantine,Bunce
Asphodel,Puddifoot
Carolyn,Walsh
Mary,Madden
Tamás,Boross
Taylor,Findlay
Erzebet,Mayer
Koth,Subaiesh
Rukato,
Jorja,Williamson
Jishikuchika,
Veronica,Morris
Ashleigh,Gordon
Rachael,Anderson
Megyer,Ferenczy
Zumoariku,
Kanoshikita,
Shijqa,Paghal
Mork'Ra,Grilka
Kala,Jarov
Lori,Miller
Shikimirikashite,
Lana,Kerpach
Richard,Gonzalez
Tre'gok,Gorm
Tommy,Morrison
Arabella,Goldworthy
Natália,Kaszás
K'Kora,Zantir
Zorán,Szigeti
Zukarinkuari,
Jikumoshijiku,
Lukutakina,
Bettina,Gulyás
Arikitetokufu,
Jo,Goldworthy
Matthew,Hawkins
K'Kura,Khornezh
Zukuchirikatofu,
Ramóna,Angyal
Mirishikiarichimonorikushi,
Darda,Tury
Mabli,Kaas
Zigana,Benedek
Natasha,Ferguson
Louis,Maclean
Zsa-zsa,Kárpáti
Amethyst,Baggins
Emmie,Wright
Imre,Danko
Gira,Laggal
May,Brownlock
Belisarius,Underhill
Evelin,Gyenis
Posco,Gaukrogers
Kuri,Khard
Denes,Sári
G'Nara,Rovashi
Melba,Roper
Ruaraidh,McIntosh
Ilona,Sultész
Thomas,Smith
Rinkashikika,
Kutemeikito,
Kraden,Kahnrah
Will,Chubb-Baggins
Kuchirikuta,
L'Kahla,Lorexen
Daisy,Oldbuck
Jess,Donaldson
Keel,Axenni
Anthony,Rubin
Khalil,Kiosan
Kethas,Nizhisht
Gary,Haworth
Uffo,Galbassi
Tomba,Bolger
Zachery,Park
Razanur,Tûk
J'Kurna,Shala
Marmaduke,Roper
Karagg,Ruktah
Karinkatoteka,
Ra'Ta,Kazu
Darda,Jósa
Rinkashikimo,
Shikurinkutekimoari,
Savanna,Clayhanger
Mikashimota,
Caiden,Cunningham
Zerind,Polgár
Vicky,Garcia
Kraag,Boral
Elizabeth,Burns
Rikukachirikushi,
Cassie,Alexander
Kody,Simpson
Zukirinrinfu,
Ellis,Stewart
Moshirukitataku,
Katochirimotofu,
Billy,Perez
Aurelia,Kárpáti
Ozséb,Kovách
Kyle,McDonald
Jacob,Belcher
Ferko,Ujváry
Fiona,Kerr
Kenneth,Brock
Kristof,Vince
Frederick,Docherty
Maxwell,Donaldson
Amira,Sutherland
Millar,Boyle
Bailey,Reilly
Lorant,Szôllôssi
Gormadoc,Goodchild
L'Kori,Linzor
Arikashikari,
Lukara,Kenka
Lora,Kang
Jan,Hamilton
Zain,Martin
Bryn,Christie
Emese,Makkay
Shimozukushichi,
Aila,Mitchell
Mirishikiari,
Juan,Edwards
Eric,Scholz
Zukashizukashika,
Darda,Angyal
Virginia,Brashears
Dorina,Paál
Innes,Young
Marg,Torath
Rinkashikika,
Kelly,Randolph
Piroska,Urbán
Coralee,Eckert
Kelsi,Ross
Rinkutakiariarika,
B'Dora,Tichar
Gedeon,Szathmári
Aran,Formorax
Jo,Took-Took
Andrew,Douglas
Kelsi,Simpson
Mirikashikiariarika,
Rebecca,Jeter
Kudojikutoku,
Diamanda,Gawkroger
Chikushishikatomiku,
Jikumoshijiku,
Adaldrida,Noakes
Evacska,Györffy
M'Lestav,Wulfek
Demi-leigh,Davidson
Lavonne,Ennis
Drogo,Goldworthy
Harris,Munro
Milvi,Qua'lon
B'Ekman,Qarmduct
Estella,Took-Took
Katalushikute,
Ben,Walker
Cian,Ferguson
John,Ortiz
Anita,Meyer
Sára,Polach
Craig,Alexander
"Chica ",Hayward
John,Vick
Annette,Samson
L'Valkra,Trothir
Mya,Mitchell
Zushikichichikatofu,
April,McDonald
Hajnalka,Kiss
Rhian,Thompson
Hugo,Brandagamba
Michael,Gilbert
R'Kala,Rrilac
Bell,Gammidge
Syed,Dickson
Laa'Mos,Rustazh
Kemenes,Jósa
Grali,Xennik
Vivien,Szabados
Julian,Travis
Willie,Allard
Kadra,Toragh
Barbara,Wilson
L'Tava,Inagh
Allen,Alexander
M'lara,Lorexen
Kushikito,
Berilac,Grubb
Semolina,Sandheaver
Regx,Balogh
Czigany,Szôllôs
Nahand,Brownlock
Willie,Batts
Menyhért,Szôts
Boriska,Maier
Yolanda,Bolger
M'Leyra,Trimori
Tekashishifuta,
Johnny,Fleming
Ryan,Watt
Nakia,Lawson
Ronald,Anderson
Chikatofuka,
Angelina,Young
Kutakikaari,
Malachy,Craig
Mirikashitamochichiku,
Scudamor,Bunce
Marcsa,Márton
Paula,Sowers
Paul,Graf
Selina,Chubb
Suzanne,Klinger
Eryn,Wood
Arnold,Barta
Evan,D'Ghor
Eve,Taylor
Poldi,Benke
Mekutatafu,
Sidney,Franks
Naana,Drexa
Norikitatakino,
Hailey,Graham
Lushikutetekiku,
M'Kita,Mnetic
Columbus,Rumble
Piusz,Kuncz
Arikazushikitoka,
Brooke,Bell
Patrick,Miller
Shikarinmoto,
Annelle,Conway
Athanaric,Greenhand
Rezsx,Pethô
Marion,White
J'Tali,Riskadh
Tekatokikuta,
Mekukichiri,
Jim,Gillis
Amalda,Bolger
Darragh,Alexander
Tamara,Kárpáty
Lotho,Hayward
James,Griffin
Martha,Smalley
Jikumoshijiku,
Regx,Lengyel
Zukarinkiku,
Zukarinkuari,
Annamária,Pálffy
Bertha,Burrows
Lee,Stubbs
Korth,Trimori
Rozalia,Csizmadia
L'Kozak,Simparri
Sméagol,Tunnelly
Kevin,Donald
Lori,Jacobs
Orgulas,Gaukrogers
Zumoariridoka,
Baela,Kone
Kíra,Forgách
Katoteshikuka,
Ferdinand,Lightfoot
Camelia,Took-Brandybuck
N'Mira,Duras
Zudokatoka,
Heather,Bruce
R'Alij,SepIch
Kevin,Hass
Mimosa,Proudfoot
Miles,Duffy
Zobor,Sebök
D'Korrda,Kodash
Tekatakika,
Demi,Watt
Ahikar,Nessarc
Ray,Koehler
William,Adams
Evan,Kellein
Joseph,Stark
Yolanda,Maggot
Susan,Ochoa
Rinkashichirika,
Diana,Lucas
Honor,Robertson
R'Mara,Kozak
Cottar,Goold
Mara,Neygebh
Kye,Smith
J'Lestor,Ardaka
Ramóna,Király
Isla,Allan
Alicja,Gibson
Ruben,Hughes
Jonathan,Evans
Rinkashikika,
Arifutarukika,
Rudi,Mackay
Tekato,
Vera,Hayes
Krisztián,Sultész
Timothy,Smith
Zumoariridoka,
Mek'tor,Olmai
Zudoarichikito,
Mihály,Szél
Natasha,Miller
Kinarra,Roc
Lawrence,Jacinto
Lauren,Grant
Lucille,Carson
Isabella,Campbell
Zágon,Szôlôssy
Rela,T'lak
Stephen,Gilbert
Takutomoshika,
Drew,Douglas
Rose,Burrows
Bendegúz,Szôlôsi
Shirley,Baker
Tekarukite,
Jennifer,Hay
Maksymilian,Fraser
Zsofia,Tóth
Asphodel,Greenhand
Fortinbras,Brownlock
Farkas,Balogh
Mek'Ka,Kultan
Zukaarimoto,
Cora,Roper
David,Velez
Tatell,Valdyr
Zukurukushitafu,
Menegilda,Gardner
Mercédesz,Polyák
Bok'Ka,Velai
Dennis,Luke
Holfast,Lothran
Lily,Gardner
Cornelia,Took
Greg,Black
Wayne,Johnson
Mikachirifu,
Shauna,Cleveland
Daisy,Chubb
Neci,Tolnai
Elayne,Johnson
Melissa,Kelly
Billy,Munro
Ka'Cho,Roc
Emaan,Murphy
Jean,Nicholson
Morath,Mirrin
Carson,Fleming
Ivan,Kelly
Kurukutafuto,
Archie,Christie
Gilbert,Cochran
Kelsi,Crawford
Demi-leigh,Reid
Regina,Bakos
Tokutatakiku,
Zoárd,Szölôs
Michal,Reid
Saradoc,Whitfoot
Jude,Martin
Lewis,Ridenour
Paliki,Baán
Haiduc,Gaukrogers
Kalim,Kardem
Bladud,Roper
Rikard,Sipos
Ka'Ath,Lorexen
Lalia,Chubb
G'Vixis,Gorkon
Shikafurinmotote,
Laura,Sandheaver
Regx,Hajdu
Shikimikashitemo,
Zalán,Boros
Zushikatetakufu,
Semolina,Baggins
Linda,Shea
Sebes,Berky
Mikashimota,
Michael,Anthony
Anna,Sörös
Tim,Gaukrogers
Geoffrey,Davis
Rebeka,Benke
Jeanette,Tao
Elsa,Nicolai
Kashichiridoshi,
Rikard,Gerencsér
Ruairidh,Dickson
Neve,Thompson
Wayne,Thorpe
Natalie,Brown
Darryl,Hay
Caleb,Taylor
Marina,Dodson
Viktoria,Oláh
Zukashizukashika,
Rala,Tharaxes
Keth,Gowron
Syna,Kommora
Zukukatokuchichiku,
Sagramor,Chubb
K'zhen,K'tar
Lillian,Seidl
Maggie,Partain
Katoto,
Kutemeikito,
Upor,Szalai
Rajmund,Szakács
K'Ellal,Unagroth
Camelia,Brandagamba
Berylla,Brownlock
Jucika,Orosz
Tamoshishikakitoku,
Abi,Kennedy
Maglin,T'var
Layton,Moore
Helen,Dority
Joanne,Olin
Antionette,Burrell
Christopher,Schultz
Roman,Kelly
Gorhendad,Noakes
Rayyan,McKenzie
Kuna,Gorv
Zainab,Wood
Mária,Pap
Ádám,Tamás
Mikashitamoari,
Leyra,Moctos
Poppy,Greenhand
Harding,Hornblower
Alyx,Christie
Kat,Szekeres
Noel,Boda
Kallaor,Semparri
Menyhért,Puskás
Pamphila,Gamgee
Grilka,Abarsha
Ra'Ta,Mnetic
L'Tali,Horon
Theodore,Morrison
Sian,Martin
Shene,Moctos
Rowan,Headstrong
Maddison,Mitchell
Ruari,Bell
Dora,Brockhouse
R'Gira,Anag
K'tol,Helvari
Mercédesz,Smidt
Edina,Mátyás
Tamodokiariku,
Joseph,Adams
Zukaarimoto,
R'Valkra,K'tar
Dora,Longhole
"Zsa Zsa",Petô
Zumoarikunori,
Mirishikiarichikitoka,
Esmeralda,Grubb
Mária,Hegedüs
Jaden,Bruce
Angus,Simpson
Panna,Fábián
Alexis,Shaw
Ompoly,Asztalos
Farkas,Fenyvesi
Caramella,Sackville
Nick,Whitfoot
Miklós,Vörös
Zukazukuchichiku,
Jemma,McKay
Becse,Hermann
Rosie,Craig
Botond,Polgár
David,West
Jasper,Shaw
Anasztaizia,Szûcs
Carl,Watts
Chikirinmochirifu,
Germaine,Gattis
Sandra,Gum
Judit,Havass
Mary,Johnston
Nick,Mugwort
Curtis,Burns
Lõrinc,Szölôs
Tekikatoku,
Zizi,Mauer
Amelie,White
Kakashimoto,
Zahra,Smith
Regina,Tûk
Kadoshimoshiku,
Mable,Wilson
Camelia,Boffin
Tomburän,Rumble
Hanna,Anderson
Ilona,Ujváry
Asphodel,Gamgee
Tamodokutataka,
Mekachirifu,
Nokadota,
Caleb,Hill
Kyran,Kelly
Wanda,Smith
Ferenc,Pálfy
M'Syna,Toral
Solt,Pálinkás
Andrew,Maestas
Tim,Hornblower
János,Székely
N'Hussa,Qua'lon
Klek,Mergh
Gruffo,Bracegirdle
Kalimac,Bolger-Baggins
Banazir,Fairbairn
Kveld,Kazag
Marmadoc,Gammidge
Yolanda,Headstrong
Corey,Robertson
Zumoarikulukitoka,
Rachael,Moore
Temorinkitokimime,
George,Smiley
Joel,Campbell
Pázmán,Sebestyén
Tokimimeki,
Harley,Christie
Dominika,Kiss
Czigany,Varga
Travis,Moore
Melampus,Gamgee
Menegilda,Mugwort
Rhian,Gordon
Tiegan,McIntyre
Cora,Sinclair
Hunter,Ritchie
Ilona,Kiss
Selena,Wallace
Atilla,Puskás
Mairi,Ross
Meikitatakikarin,
Nokachishikimikika,
Carl,Grubb
Amanda,Took
Anita,Földi
Alice,Roe
Lucie,Young
Cindy,Jones
Gilly,Maggot
Zsuzsanna,Polach
Amy,Sanchez
Jeanette,Harless
Phillip,Navarrette
Zumorito,
Salvia,Hayward
Israel,Huntley
Mason,Walker
Takitoteka,
Ivan,Muir
Mabli,Daa'maq
Joseph,Grant
Izaak,Christie
Mekirinzukushitakuku,
Kishin,Avell
Loránd,Kurutz
Theobald,Lothran
Kretorg,Klinlor
Dania,Miles
Joseph,Vidal
Darda,Kurucz
Robert,Oakes
Irenke,Danka
Prima,Took-Took
Nob,Sandheaver
Zofia,Mackenzie
Takuku,
Kras,Caxel
Helen,Hatcher
Mia,Miller
Robert,Johnson
Robin,Shaw
Maeve,Taylor
Keir,McGregor
Larry,Christy
Kukashita,
Mozes,Lörinc
Chimorinrinkiku,
T'Ellan,G'Iogh
Camelia,Chubb
K'Vixis,Galann
Zumoarikunori,
Zushikikato,
Alecia,Moore
Wilibald,Lothran
Baela,Moctos
J'Kahla,Malok
Zukutotokilukushi,
Dina,Arteaga
Marlene,Hernandez
Tas,Mészáros
K'Kura,Demma
Graeme,Reilly
Kedokutochikito,
Irene,Fairley
Kaden,Hinori
Jimmy,McDonald
Mihály,Németh
Kushitokuarichi,
Shijqa,Velai
Szabolcs,Szepessy
Melba,Maggot
N'Keebho,Demma
D'Rura,Koloth
Obo,Fairbairn
Chimotoki,
Kevin,Brown
Alexander,Forgách
Arifutarukika,
Ch'Mara,Napos
Gara,Makay
Eglantine,Roper
Hamfast,Gawkroger
Jasmine,Sackville
Janka,Sántha
Rinkachichirikumei,
Tiana,Henderson
Justin,Graham
Nokachishikimikika,
Maxima,Labingi
Shidoariarikutata,
Kintata,Fulmori
Gergely,Polak
Elfstan,Diggle
Karole,Veress
Calvin,Mitchell
Pál,Erdôs
Mor'Maltz,Muuda
Kakashimoto,
Takarukushito,
John,Graves
Agi,Nemes
Gillian,Duncan
Morgan,Gray
"Nora ",Took
Keppa,Bolloch
Petra,Györffy
Dominik,Gaál
Diamanda,Whitfoot
Diamond,Bolger-Baggins
Amanda,Alexander
W'Mira,Klasq
Baela,Amerex
Rinkimirikakuta,
Regina,Várady
Myricoorish,Gere
Marcus,Roper
Benedek,Kocsis
D'Leyra,Huron
Zumoariku,
Bowman,Maggot
Rudigar,Lightfoot
Eglantine,Greenhand
Meikitatakikarin,
Arikatoteshika,
Manuel,Burgos
Richárd,Czakó
Kutakukatomoshi,
Rosa,Bolger
Lola,Alexander
Ch'Mira,Moctos
Callie,Simpson
Stephanie,Conroy
Elsa,Millar
Noémi,Ferenc
Faramond,Gawkroger
Miriam,Young
Rinkimirikakuta,
Rokis,Roc
Mirikushifuta,
Dora,Burrowes
Gerda,Sackville-Baggins
Kagga,Antaak
Szólát,Német
Steven,Dodd
Lela,Chastain
Mikitotefu,
Aririkushiki,
Natália,Sebestyén
Takitoteka,
Katie-leigh,Christie
Eglantine,Gamgee
Tobold,Underhill
Chikarinrinfu,
Chelsey,Sutherland
Csilla,Szegedy
Kora,G'Iogh
Matthew,Larson
Rinkashichikitoka,
Da'Vas,T'lak
Hunor,Vas
Arizhel,Tharaxes
Jeffrey,Smith
B'ijik,Kleevas
Evan,Valdyr
Izsak,Rigó
Elsie,Powell
Kareem,Huff
"Chica ",Headstrong
Csanád,Sánta
Ch'pok,'Illioth
Kovar,Erada
Isembold,Chubb-Baggins
Kody,Smith
Charley,Kennedy
Fortinbras,Twofoot
Koral,Pallara
Zushikikato,
Nokachishikimikika,
Ervin,Kerekes
Kragtowl,Dok'Marr
Zumotekiku,
Gale,Grigg
Rezsõ,Tar
Murray,Christie
Mekutoteshika,
Heribald,Brown
Zumorito,
Lenci,Barta
Rinkashizumoshikiku,
Shimozukushichi,
Rowan,Goold
Longo,Mugwort
Bellisima,Lightfoot
Gemma,Aitken
Drogo,Longhole
D'Bura,Nizhisht
Bura,Araxa
Carol,Marcell
Michelle,Coulter
Amanda,Campbell
Timothy,Alton
Rohan,Macleod
Jodmos,Regoric
Poppy,Young
Philip,Lara
Dezhe,Renjar
Syed,Watt
Myrtle,Chubb-Baggins
Cassidy,Burns
Vázsony,Földessy
Iolo,Mugwort
Ferumbras,Tunnelly
Irene,Berg
Koli,Agan
Alexandra,Bodor
William,Smith
Luka,Yatron
Kati,Csordás
Pandora,Took-Took
Szebasztián,Sántha
J'Eval,Rannic
Fastolph,Goldworthy
Peter,Eller
Marla,Karg
Sago,Chubb-Baggins
Shannon,Young
Diamanda,Brandybuck
Franciska,Berényi
Mek,Karum
Kezhke,Rahnaz
Bercilac,Greenhand
Christopher,Boyle
Cameron,Martin
Borhala,Gyarmathy
Jerry,Sage
Lucas,Johnston
Enen,Subaiesh
Adrienn,Komáromi
Kiltarc,Kaas
T'Gara,Khornezh
Pearl,Whitfoot
Kola,Koloth
Nóra,Szánthó
Melissa,Salinas
Oguz,Vajda
Andrea,Richardson
Chimotofu,
Lisa,Albert
Ruth,Gibson
Cora,Thompson
Regina,Szôllôssi
Dorka,Áts
Szilvia,Torma
Daniella,Murray
Esther,Bruce
Nikola,Kennedy
Elanor,Mugwort
Jemima,Headstrong
James,Harris
Roy,Johnson
Kíra,Szilágyi
Bethany,Taylor
Carl,Gentry
Stephanie,Bush
Adony,Maier
David,Larson
Rimodoarichimoto,
Rian,Shaw
Amy-leigh,Cunningham
Pervinca,Button
"Zsa Zsa",Sebök
Saradoc,Tûk
Kara,Findlay
Marcelino,Walton
Takitoteka,
Kada,Schulteisz
Klaudia,Bodo
W'Kara,Venonn
Fredek,Antal
Donnamira,Bolger
Luis,Docherty
Victoria,Maclean
Cora,Rumble
Hal,Rumble
Sirella,Mogh
Rebecca,Kirby
Mor'tah,Xypeni
Margaret,Rook
Samuka,Saári
Stex,Gashtor
Henrietta,Szôcs
Keedera,K'mpok
Shimotokatate,
D'ghor,Demma
Amie,Gray
Beulah,Nelson
Brenda,Horwitz
Zétény,Buday
D'Reli,Mnetic
Lutamoshika,
Ernesztina,Fábián
Earl,Cuevas
Layton,McIntyre
Jikashishifu,
Zsuzsi,Barna
Melampus,Brandybuck
Odovacar,Headstrong
Asphodel,Noakes
Aimee,Chavis
Dan,Freeman
Louise,Wade
Timur,Schmitt
Chikarinrinfu,
Anne,Walker
Kezhke,Amexar
Temotokichika,
Shawn,Hertz
Pentele,Söröss
Kessum,Kallatar
Levente,Gábor
R'Rali,Helvari
Pimpernel,Sackville
Candace,Stephens
Karolina,Szakál
D'Gara,Kahnrah
Lacey,Macleod
Sian,Sinclair
Cairn,Ritchie
B'Kahli,Lackoi
Katochimotokimo,
Lisa,Henderson
Milo,Muir
Kaluk,Edronh
Yolanda,Hornblower
Ruby,Baggins
Kheldas,Majjas
Belba,Bolger
Marley,Scott
Ernest,Stewart
Mitafuteku,
Erling,Proudfoot
Zukarinkuari,
Kutakizikazukuchiri,
Erica,Howard
Fredegar,Galbassi
Kurinkitafu,
Madison,Munro
Katoteshikumei,
T'Ellan,Ruktah
Katrina,Shaffer
Sandor,Sebeök
Arichikunorikatokika,
Marigold,Goodbody
Mirishikiari,
Brianna,Clark
Naomi,Graham
Cara,Clayhanger
Kelsey,McKay
Longo,Galbassi
Benci,Szöts
Ayden,Simpson
Brutus,Chubb-Baggins
Nokachishikimikika,
Pervinca,Gawkroger
Tekukatotoku,
Vixis,Oparai
Katalushikute,
Zukutozukarinkito,
Ruby,Smallburrow
Jason,Houston
Manuel,Hall
Klimor,Toragh
Márió,Gyenes
Kurrivis,Nizhisht
Mirishikiarichimonorikushi,
Gréta,Szél
Leah,Williams
Chifutakushi,
K'ehleyr,Kufey
Szalók,Gyôrfy
J'Lij,Kaas
Shimototokiku,
Robinia,Zaragamba
Kezhke,Gordek
Róbert,Kozma
Amalda,Brockhouse
Lõrinc,Harsányi
Caitlyn,Johnstone
Mikatotekamiku,
Maglin,Najuk
Milo,Sandyman
Hena,Xypeni
Mekachirifu,
Rezsõ,Vöröss
Porro,Took-Brandybuck
McKenzie,Watson
Dan,Obrien
Jemima,Bolger-Baggins
T'Mara,Koru
Zsofia,Mülner
Mylie,Reid
Belba,Oldbuck
Arnold,Györffi
Tre'gok,Lomakh
Kroesh,Fulmori
Jonathan,Scott
Alexandra,Sipos
Imre,Thimár
Diamanda,Bracegirdle
Mildred,Colon
Csepel,Gyenis
M'Leyra,Cultuic
Nokachishikimikika,
Dalma,Schulteisz
Evacska,Nagy
Pimpernel,Gawkroger
Tora,Kordem
Meikatachikushi,
Tom,Hill
Belle,Havass
Ellen,Brewer
Ponto,Bolger
Jasmine,McDonald
Huba,Kuncz
Max,King
Camelia,Chubb
K'trok,Kular
Saradas,Hornblower
Madeleine,Brown
Belba,Whitfoot
Maria,Hampton
Cameron,Watt
Theobald,Chubb-Baggins
Mirren,Fraser
Tekatotofu,
Rhoda,Sackville-Baggins
Zachary,Fraser
Belisarius,Mugwort
Vilmos,Máthé
Katakin,Fábián
Violet,Smith
Orbán,Szepesy
Albert,Burrow
Madeline,Aitken
Vagh,Chang
Alisha,McIntyre
Rudi,Thomson
Chikameitofu,
Rian,McIntyre
Hilda,Lothran
Inigo,Galbassi
Esther,Parra
Juan,Goins
Julia,Murphy
George,George
Olo,Oldbuck
B'Gara,Venonn
Darcy,Millar
Nusa,Sárközy
Milvi,Kellein
Michele,Garcia
Flavus,Chubb
Rinkashifu,
Bertha,Goold
Regina,Took-Brandybuck
Joshua,Lane
Bob,Galbassi
Mirikashitakutoku,
Simon,Brown
Danny,Milne
Ábel,Csizmadia
Ka'Ka,Agan
Aaron,Simmons
Daisy,Rumble
Vincze,Bencik
Ruth,Hanna
Shimomirikutataku,
Gabriella,Csonka
J'Hussa,D'jon
Zukashirukiari,
Derek,Smith
Karana,Mnemon
Vanessza,Langh
Mirishikiari,
Frances,Menendez
Barbara,Gardner
Rebecca,Millar
Rinkashifu,
Edwin,Young
Rinkashikika,
Zumoshitekato,
"Chica ",Took
Ch'Troka,Yatron
Zumoarikiku,
Casey,Wright
Kazak,Rovashi
Doderic,Smallburrow
Jishikuchimirikuto,
Gemma,Taylor
Cara,Tûk
Rinkimirikutaku,
G'Nara,Fulmori
Bill,Rice
Marcho,Gamgee
Chimotofuka,
Madeline,McIntosh
Salvia,Goldworthy
Lanna,Tichar
K'ven,Dok'Marr
Tim,Smallburrow
Tokatomifu,
Cairn,Marshall
Conlan,MacDonald
Nokachishikimikika,
Lachlan,Craig
Noémi,Dobos
Flavus,Hornblower
Gundobad,Zaragamba
Deco,Zarka
Ch'Dora,Xennik
Folcard,Bunce
Aririkutotoka,
Eglantine,Twofoot
Amalda,Goldworthy
Dora,Smallburrow
Surány,Salay
Chirimorinkaari,
Myrtle,Brockhouse
Kev,Grunnil
Stewart,Brooks
Kintata,Restok
Koll,'Illioth
Willie,Drouin
J'Rena,Lomakh
Martin,Schroer
Marla,Mergh
K'Vixis,Oparai
Mikashitamoari,
Arikarindokuta,
Eszter,Erôs
Charlie,Hughes
Theobald,Hayward
Mosco,Sandyman
B'Rala,Kommora
Nicolas,Henderson
Kimberly,Robertson
Mor'Maltz,Amexar
Gringamor,Goodchild
Mimotatakukuto,
Matilda,Goodchild
Moricz,Szakály
Zukashizukashika,
Hannah,White
Melampus,Bolger
Tomoshirinka,
L'Kahli,Fulmori
Amethyst,Gawkroger
Piroska,Molnár
Rayyan,Ross
Lauren,Ross
Rinkashifu,
Henrietta,Vigh
Caoimhe,Mitchell
Shimoto,
Oszlár,Pethe
Alistair,Reilly
Roxy,Findlay
Katinka,Gyenis
Fatima,Brown
Jade,Alexander
Maxima,Whitfoot
Tadomikitataku,
Ansegar,Took-Took
Rikutoshifu,
Amethyst,Roper
Ayaan,Graham
Rinkashikika,
Zharn,Goradh
Alex,Schmitt
Madge,Aguilera
Rhoda,Marquez
Brittany,Cannon
Estella,Burrowes
Salvia,Labingi
Mek'tor,Godar
Joseph,Berry
Carl,Gamgee
Tekarukite,
Tihamér,Kántor
Karine,Allen
Shimozukushichi,
Sadoc,Goodbody
Doderic,Banks
Piper,Wright
Rinkimirikakuta,
Abbie,Campbell
Belle,Meyer
Fastolph,Chubb-Baggins
Sandor,Timár
Surány,Kovách
Rhys,Mackay
N'Baeli,Linzor
Dale,Fraser
Krisa,Zantir
Kuna,Antaak
Rhea,Stevens
Reginard,Labingi
K'zhen,Surn
Cassie,Brown
Mekashikuto,
Oskar,Fraser
Zushikatotemoto,
Ferumbras,Tunnelly
Krell,Trisra
Judit,Harsányi
Csilla,Szarka
Csilla,Pusztai
Hasan,Muir
Rinkimirikakuta,
Jerry,Olsson
György,Herman
Rinkashikika,
Tokutata,
N'Mira,Devari
Mary,Meehan
Kane,Maclean
Temotamoshikuari,
Tekikatoku,
Cornelia,Hayward
Brandon,Luckett
Anita,Noriega
Tóbias,Grubb
Takimotokuta,
Kelli,Bryan
Kerr,Keraz
Johnnie,Pritchett
Tumek,Gensa
Isumbras,Gawkroger
Felicity,Young
Ch'Vana,Mrith
Philip,Riddle
Belinda,Tûk
Patty,Ryan
Takatomiku,
Maxima,Lothran
Kurinkatodokuta,
Vince,Virágh
Melissa,Maggot
Madeline,Watkins
Jack,Lambert
Matilda,Bracegirdle
Codi,Ferguson
Gabriella,Földes
Szilvia,Schmit
Kushikimime,
Marroc,Gardner
Rinkashichirika,
Chikitoka,
K'Kara,Kanff
Toni,Stone
Reegan,Young
Niall,Thompson
Kurinkitafu,
Marcsa,Szigethy
Mimosa,Brown
Kitti,Hoffman
Brett,Pettengill
Shimojikushi,
Charles,Padilla
Cynthia,Perez
Zushikutoteka,
Regõ,Havas
Kaa'lak,Kanjis
Bianka,Dénes
Vicuska,Hegedüs
Kraden,Kahnrah
Diamond,Gamgee
Mor'tah,Drexa
Heribald,Brockhouse
Harris,Grant
Kheyl,Jarov
Jack,Paterson
Monokata,
Griffo,Boffin
Isengar,Bracegirdle
Lily,Hay
Martha,West
Penelope,Graham
Boyd,Steel
Conlan,Bell
Lois,Galeana
Ákos,Takácz
Zak,Ritchie
Flóra,Herceg
Alexis,McDonald
R'Nona,Hinori
Edina,Orbán
Kelsey,Anderson
Hildigard,Boffin
Regina,Sandheaver
Duci,Orsós
Soma,Mátyás
Belinda,Took-Took
Faryl,Morrison
Mary,Hutchens
Katoka,
Mikashita,
Oguz,Sántha
M'Kita,Vurstic
Damien,Donaldson
T'Mira,Kazag
Rebecca,Augustine
Zumoarikunori,
Rukimichimoshikika,
Ozsvát,Mezei
Joska,Bognár
Zukamime,
Lalia,Baggins
Shimoarimimoku,
Rinkashifu,
Dina,Took-Took
Kheldas,Drexa
Zsanett,Schmidt
Travis,Donaldson
Bellisima,Bracegirdle
Zumorito,
Rukimichimoshi,
Kemarrin,Olahg
Zukurukushitafu,
Bertuska,Jónás
Fernando,Whitmore
Jidofu,
M'lara,Kaneida
Steven,Davidson
Honey,King
Alex,Bencik
Kayden,Bell
R'Valkra,Lomakh
Klek,Hurgas
Joel,Russell
Lukas,Cameron
Boriska,Pál
Rinkimirikakuta,
Ho'Ka,Starad
Tekutotokiari,
Fred,Millan
Roland,McKay
B'Mira,Kang
Subhan,Watt
Kurinkitakimo,
Sancho,Goldworthy
Miklós,Pethe
Nokujijifu,
Korth,Gordek
Borbála,Német
Lazar,Bán
Charlene,Welch
Mitakilulumoshite,
Harold,Teel
Zágon,Bogdán
Amalda,Roper
Karolina,Somogyi
Regina,Tunnelly
Nina,McGregor
Polo,Button
Alisz,Weress
Christie,Miller
Randall,Thomas
Peter,Williamson
Esme,Taylor
Joanne,Butcher
Borsala,Györfy
Aperokei,Rannic
David,Holmes
László,Taar
Marcy,Harvey
Carol,Cottingham
Inigo,Bracegirdle
David,Pantoja
Kaluk,Tichar
Felicia,Scott
Temoshikiari,
Carl,Dejesus
Franklin,Palmer
Marigold,Bracegirdle
Jo,Mitchell
W'Anar,Tichar
Daniel,Johnson
Lantos,Kultsár
Kira,Hamilton
Tess,Thomson
Panna,Borbás
Samuel,Banks
Kobalt,Vallic
Graeme,Reilly
Koll,Ilonari
Todd,Mitchell
Safa,Hunter
Peter,Hersh
Mathew,Martin
Saradas,Tunnelly
Mónika,Meyer
Cailean,Boyle
Tokatomifu,
John,Fincher
Zsa-zsa,Barna
Michael,Hayes
Jikazushikikuta,
Margo,Sárközy
Klaa,Torg
Zukurukushitafu,
Gorbaduc,Brandagamba
Bercilac,Gawkroger
Norikitatakino,
Ronan,Wright
Merzan,Moctos
Lushikatomikuari,
Lushikatome,
Kelt,Subaiesh
Miley,Allan
Rinkajijikiku,
Ivan,Williamson
G'Gira,Abarsha
Neil,Simpson
Semolina,Twofoot
Francisco,Miller
Petra,Szalay
Da'Ka,Gavicx
Joanna,Fleming
Elanor,Goold
Kutakukatomoshika,
Temoshichirifu,
R'Rali,K'mpec
Zukushikurinfu,
Zumoritokiku,
Largo,Hogpen
Zukushishifu,
Roy,Fisher
Rosa,Jeans
Szabina,Thuri
Kumeika,
Louisa,Watson
Kutakizikazukuchiri,
Marton,Pethe
Tammie,Simpson
Rosa,Smallburrow
M'Leyra,K'Tal
Lalia,Brownlock
Jishikatochi,
Eglantine,Boffin
Shimozukushichi,
Lyle,Mitchell
Hana,Smith
B'Rala,Devari
Kirsty,Wilson
Niamh,Sinclair
Theodoric,Grubb
Rinkashimikika,
Duci,Gulyás
Kellie,O'Donnell
Bosco,Roper
Athanaric,Goodchild
Oszlár,Szepessi
N'Keebho,K'tar
Chimote,
Michael,Mullins
Orla,Muir
Korris,Malok
Miriki,
Ozor,Szöllösy
Zumoariridoka,
Tamara,Majer
Jensen,Young
Katarina,Berta
Bell,Bunce
Kadosa,Józsa
Russell,McCullough
Kaden,McIntyre
Barbara,Selby
Natalia,Gray
Robur,Gamgee
Archie,Murphy
Susan,Hamilton
Zsuzsi,Havassy
Bell,Bolger-Baggins
Ahmad,Hughes
Helen,Samayoa
Adony,Smidt
Takameishikutomiku,
Reegan,Fleming
Torin,Donaldson
Bradley,Docherty
Marót,Mészáros
Rinkashikikatokutaka,
Alberta,Lengyel
Megan,McGinnis
Jodie,Williamson
Frodo,Brockhouse
Lily,Maggot
Tekitoka,
Mirikashitakuari,
Mimosa,Sandheaver
Inzar,Kaas
Tas,Urbán
Kutakiarika,
Kada,Kerekes
Tekatokikuta,
Artur,Milne
Marco,Longhole
Gorbaduc,Whitfoot
John,Monroe
Pázmán,Pintér
Angelica,Cortes
D'Lora,Quark
Kevin,Johnstone
K'trelan,Kruge
Kutakakitoku,
Celendine,Headstrong
Syed,Mackay
Valerie,Pilon
Aranka,Pálinkás
Robbie,Wallace
Lily,Greenhand
Szilveszter,Szölôs
Karlassa,Valaxar
Vada,Torin
Koli,Rannic
N'Mira,Rovashi
Regina,Galbassi
Lillian,Gurrola
W'Morka,Zanis
Baela,Helvari
Vicuska,Bálint
Jeffery,Maupin
Nathaniel,Gordon
Kerr,Noggra
Kriszta,Sántha
Merimas,Hayward
G'Eneth,Messesh
Ivy,McMillan
Penny,Gibson
Vrenn,Nivalli
T'Lane,Daa'maq
Carl,Diggle
Gerzson,Berecz
Martha,Salas
Maci,Murray
Kriz,Oparai
Zombor,Meier
Temotokatate,
Mudj,Mong
Rowan,Ritchie
Kolline,Karat
Aririkashiki,
Surány,Gyenis
Jemima,Took-Took
L'Lana,Palkar
Pimpernel,Sackville-Baggins
Robert,Delagarza
Mike,Steinfeldt
Samantha,Young
Goldilocks,Boffin
Claudia,Adame
Mirin,Munro
Rose,Underhill
Kenneth,Arnold
Barna,Berki
Panna,Smitt
Brayden,Mitchell
Bildat,Gamgee
Ho'Ka,Koloth
Marissa,Jamieson
Beriszl,Szabó
Kyla,Donaldson
Robert,Terrell
Nora,Weishaar
Mantissa,Brown
Florka,Balogh
G'Koli,Mirrin
K'Mara,Gensa
Jessamine,Took-Brandybuck
Rose,Grubb
B'Lana,Hinori
Terence,Pickering
Zumoritokachirikato,
Lois,Ferguson
Joska,Vöröss
Lili,Donka
Zumorikatotoka,
Yvette,Zane
Rezsx,Bernát
Zumorito,
Esther,Rogers
Berta,Zarka
Lana,Cultuic
Zushidomiku,
Matthew,Cameron
Tadotaka,
Angelica,Bunce
K'zhen,Shala
Tomoshirinka,
Zukamimozu,
Tekashishikutata,
Melissa,Vann
Bilba,Longhole
Martin,Szöllôsy
Clara,Mackenzie
Debra,Miller
M'Kola,Linzor
Bob,Sackville-Baggins
Borbála,Sántha
April,Hay
Kutakizikazukuchiri,
Renátó,Béres
Karole,Pálfy
Tekuzushika,
Pamela,Yeager
Zádor,Szöllôsy
Carly,Murray
Ema,Sinko
Meikitatakikarin,
Karlyn,Myers
Zsofika,Csonka
Bodo,Mugwort
Adél,Lakatos
Becky,Paterson
B'Togho,Mortran
Kora,Maang
Arizhel,K'Tal
Aila,Ferguson
Belinda,Brownlock
Kehla,Kahnrah
Falco,Hayward
Lehel,Vargha
Jeffery,Host
Zofia,Millar
Gary,Weaver
Merry,Underhill
Michele,Dupont
Madeline,Lozano
Amaranth,Bracegirdle
Gloriana,Clayhanger
Marla,Woodford
Mildred,Zayas
Bilal,Henderson
Karole,Miklós
Seredic,Burrows
Chikarinrinfu,
Alex,Munro
J'Gira,Kufey
Campbell,Simpson
Zumozuzufu,
Mikashikuto,
Blanco,Tûk
G'Klorgho,Gowr
R'Valkra,Korm
Larry,Hall
Kkorhetza,Mvoric
Alix,Shaw
Rose,Galbassi
N'Mira,Huron
Menegilda,Headstrong
Lobelia,Roper
Uros,Vöröss
Seth,Reilly
Domonkos,Szathmáry
Robin,Puddifoot
Madoc,Headstrong
Kembri,Goradh
Zsa-zsa,Veres
Gizi,Polak
Katoteshikumei,
Mikashirinkutamo,
Brandy,Flynn
Belle,Hunter
Keren,T'lanak
Kirsty,Donaldson
T'Sira,Xypeni
Nu'daq,Emara
Casey,Hicks
Angelica,Burrowes
Balázs,Barabás
Vayk,Fenyves
Kathryn,Anderson
Kara,Xennik
W'Vixis,Kurper
Katy,Hughes
Marco,McIntyre
Hon'tihl,Kotzher
Deco,Bolla
Kirstie,Craig
K'Deka,Lackoi
Rosa,Adkins
James,Harvey
Orla,Cameron
Tekikatoku,
Carrol,Hatmaker
Tavana,Valaxar
Aridoarikato,
Jucika,Szánthó
Cory,Hughes
Kara,Kodash
Szilárd,Vagner
Zumoariridoka,
Kalim,Ondagh
Shimozukito,
Morgan,Russell
K'ehleyr,Mvoric
Brett,Allen
Zara,King
Kathryn,Shaw
Rinkimirikakuta,
Ayesha,Reid
Mekirinzukushitafu,
John,Murray
Ninacska,Deák
Arimimochichi,
Rowan,Taylor
Matthew,Ponce
Danielle,Miser
Jacqueline,Ly
Domingo,Santos
Clarence,Rea
Malika,Totth
Paige,Mackenzie
Kristian,Paterson
Menegilda,Gawkroger
Uros,Szôllösi
Cormac,McLean
Lochlan,Bell
Vada,Boral
Odo,Grubb
Kulushikakito,
Muhammed,Millar
Naomi,Mackay
Theodoric,Hornblower
Isembold,Goodchild
Becse,Benkö
R'Mira,Vriloc
Jennifer,Godley
Flavus,Goldworthy
Temoshimochirifu,
Nina,Danforth
Cora,Banks
Yusuf,Macleod
Shimoariku,
Rudi,Williamson
Adrian,Robertson
Aririkashimoto,
Terry,Gilmore
Hayden,Thompson
Takiarika,
Rex,Garrett
Katoteshikuka,
Cara,Maclean
Columbus,Twofoot
Karana,Chang
Melissa,Gammidge
Elanor,Bolger
Fatima,Brandagamba
Patrick,Reilly
Joska,Bencsik
Bod,Béres
K'trelan,Rahnaz
Gormadoc,Oldbuck
Lenci,Kuruc
Arizhel,Koru
Fastred,Clayhanger
Elvira,Barratt
Belladonna,Labingi
Poppy,Tunnelly
Ferumbras,Baggins
Bálint,Kurucz
Mara,Révész
Mentha,Labingi
Jozsi,Fenyvessy
J'Eval,Nizhisht
Frigyes,Bányai
Richard,Harmon
Zigana,Bányai
Briffo,Took-Took
Darren,McIntosh
Cili,Polgár
Kovlor,Kotzher
Targho,Olmai
Arikashikari,
Rinkachichirikumei,
Carroll,Legros
Kodrak,Kultan
Helen,Scott
Ana,Hille
Mentha,Chubb
Aridoarikato,
Hildigard,Chubb-Baggins
Jo,Lightfoot
K'mpec,Torath
"Chica ",Gardner
Arimimochichi,
Dorothy,King
Nathaniel,Thompson
Kaden,Graf
Zukurukushitafu,
Lõrinc,Mauer
Paulina,McLean
L'Tava,Torath
Katelyn,Russell
Sky,McDonald
Shussa,Vollox
Jared,Hill
Pervinca,Goldworthy
Mimotaku,
Dorothy,White
Alexa,Burns
Roka,Kufey
Patrick,Meyer
Kashichiridoshi,
Tammy,McClintock
Stanley,Johannes
Patricia,Hoglund
Kelemen,Schmit
Hugo,Hogpen
Prisca,Took-Took
Jessamine,Goodbody
Aba,Pethe
Kishin,Daa'maq
Rimotatafu,
Aridoarikato,
Kont,Hermann
Maia,Brown
Gyurka,Havas
Krisztina,Varga
Zsuska,Szegedy
Terry,Doyle
Ragga,Hinori
Bora,Havas
D'Korrda,Duras
Erssike,Pál
Folco,Zaragamba
Poppy,Labingi
Adaldrida,Baggins
Mikitotefu,
Regina,Greenhand
Tanas,Rannic
Steven,Edwards
Rinkimirikakuta,
Rhoda,Bolger
J'Naana,Ilonari
Aden,Clark
Kutakizikazukuchiri,
Rinmoshijikato,
Nancsi,György
Eleanor,Groves
Akhil,Issarra
K'mpec,Galann
Zukitata,
Donát,Szôlôsy
M'Kehla,Surn
Caiden,Hughes
Orgulas,Goodbody
Travis,Vo
Zajzon,Barta
Cosimo,Brandagamba
Robur,Chubb-Baggins
Töbi,Gamgee
Lillian,Thomson
Phoebe,Murphy
Kuna,Renjar
Belba,Fairbairn
Duci,Gergely
Surány,Szöllôs
Toran,Restagh
Ronald,Perez
Ch'Kala,Kardem
K'Kora,Lustra
Takutomoshika,
Kehli,Unarrh
Cynthia,Richmond
N'Hussa,Kozak
Robert,Thompson
Shimotokatate,
Rinkashime,
Gary,Perkins
Eszter,Sári
N'Baeli,Kazu
Zukuariarikimika,
James,Kelly
Robert,Enright
Arichikunorikatokiku,
Mekurukito,
Cseke,Takáts
Kola,Yatron
Sharon,Fisher
Tabor,Hoffmann
Ranugad,Roper
Andrew,Tracey
Jaime,McIntosh
Gundolpho,Mugwort
Arichikatotakufu,
L'Lana,Trisra
Duci,Bodo
Fatima,Button
Zumofu,
Floyd,Bozek
Ronald,Chavez
Cedivar,Goodbody
Tekarinmoto,
Cara,Took
Zsa-zsa,Polak
Isengar,Roper
B'ijik,Mvoric
Caramella,Brockhouse
Niamh,Scott
Mikashita,
Anthony,Brown
Stewart,Craig
Juliska,Vass
Lukara,Ondagh
Pansy,Grubb
Mara,Zanis
Mackenzie,Forbes
Estella,Goodchild
Kulge,Klasq
Danyl,King
Moricz,Józsa
Szescx,Lôrinc
Dwight,Salomon
Tanta,Gaukrogers
Maria,Neal
Steven,Thomson
Brosca,Kôváry
Keegan,Taylor
Shikalukakuta,
Ch'Kala,Rulek
Charles,Bizzell
Leland,Thomson
Payton,Forbes
Jorge,Bourke
Hunter,Bruce
Rollo,Tûk
Regina,Underhill
Alexandra,Havasi
B'elanna,Xennik
Ridojimo,
Semolina,Labingi
Konmel,Amerex
Ibolya,Kárpáthy
Randy,Lusher
Jorge,Hunter
Kashitakutoku,
Selina,Button
Claudia,Lopez
Lisa,Sipe
Selina,Headstrong
Savanna,Hornblower
Mirishikiarichikitoku,
Nelson,Jackson
Csenge,Szôts
Philip,Snyder
Leslie,Jacobs
Kenneth,Campbell
Farkas,Szôllôs
Summer,Hay
Andy,Richardson
Woodrow,Hopkins
Cara,Sandyman
Rinkashifu,
Caramella,Bolger
May,Brown
Belladonna,Chubb-Baggins
Jaclyn,Meek
K'ven,Kufey
Agotha,Szöllôsy
Elaine,Allen
Cole,Johnston
Nathaniel,Marshall
Amelie,Robertson
Tekarukite,
Ábel,Szölösi
Kaluk,Varrin
L'Elij,T'lak
Zudoteki,
Thomas,Snowden
Scott,Lopez
K'nera,Hurn
Bertha,Puddifoot
D'Lursa,Quark
Ella,Kelly
Clint,Crespin
Rudigar,Greenhand
Robert,Perri
Larry,Webb
Clara,Cox
David,Hawkins
Joseph,Clair
Rinkimirikakuta,
K'Vixis,Shala
Tavana,Fulmori
Cseke,Totth
Kris,Kenka
Diamanda,Rumble
Krisztina,Szathmáry
Katherine,Brown
Stex,Amerex
Borbála,Sáry
Olive,McDonald
Karsa,Baranyai
Arichikurukuto,
Hamilcar,Sandheaver
Nokachishikimikika,
Cora,Campbell
Bálint,Hofmann
Mimoshitokutata,
Amy,Jones
Aririkashimoto,
K'ven,Inagh
Nokuchikushi,
Kilmeny,Lorexen
Marika,Áts
Karen,Palumbo
Vigo,Bolger
Avah,Findlay
Bobby,Cook
Leah,Mackay
Rhoda,Took-Brandybuck
Zerind,Sebök
Henry,Lackey
Koli,Mortran
Déagol,Oldbuck
Pamphila,Gaukrogers
Czigany,Gyôrfy
Wilbur,Fletcher
Rowan,Hornblower
Alaric,Headstrong
Catherine,Devane
Cassidy,Duncan
Rose,Carron
Czigany,Berecz
Lushikatomikuari,
Natalie,Brown
L'Tava,Adion
Milvi,Lasshar
Kai,Hughes
Kreg,Noggra
Mitakitochimoto,
Ehleyr,SepIch
Orkény,Herczeg
Csenge,Illés
Marroc,Headstrong
Layton,Hughes
Norma,Howard
Pimpernel,Goodbody
Hilde,Jones
Neil,McMillan
Thelma,Sanchez
Marla,Gowr
Rose,Goldworthy
Estella,Mugwort
Zumokato,
Kazj,Toral
Borhala,Berényi
J'Kohlaa,Linzor
Sharon,Linden
Gloria,Gee
Obo,Brockhouse
Markus,Hegyi
Vanessa,Valenzuela
G'Nara,Qua'lon
Carolyn,Robinson
Sam,Cunningham
Ka'As,Semparri
Michelle,Kull
Fosco,Mugwort
Danielle,Washburn
Spencer,Brown
Arifutarukika,
Shimotakatote,
Lily,Gawkroger
Rita,Feller
Rukimotakuchi,
Sadoc,Took-Brandybuck
Rinkashifu,
Madoc,Bracegirdle
Norifutatakiari,
Abbey,Aitken
Zumoariridoka,
Tristan,Maclean
Zikamirikashifu,
Yolanda,Button
Sira,Helvari
Marika,Pálfy
Balbo,Bolger-Baggins
Csepel,Lackó
Zoltán,Nagy
Folco,Twofoot
Aayan,Allan
R'Tori,Grilka
Katazukushichi,
Leona,Reilly
Rohan,Watson
Furumototoku,
D'Bura,Kanff
Rose,Greenhand
Kurinrinka,
Goldilocks,Gammidge
Zukarinkiku,
Jasper,Wilson
Roza,Révész
Belladonna,Clayhanger
Nokadota,
Ka'Ra,Kufey
John,Colon
Motatakiku,
Rukimichimoshi,
D'ghor,K'Tal
Shikarinmoto,
Dennis,King
Crassus,Goodbody
M'Kura,Boral
Faramond,Clayhanger
Alaric,Boffin
Borbála,Donko
Trenton,Howze
Mekutatafu,
Aran,Xennik
Kiara,Cunningham
Katotoku,
Greg,McIntosh
Shimozukushichi,
Kathryn,Davis
R'Nivis,Jorn
Tekatoka,
Gara,Palkar
Angel,Braswell
Zizi,Vince
Calleigh,Henderson
Hon'tihl,Olmai
Marcus,Freitag
Mary,Behrens
Christoper,Habib
Longo,Oldbuck
Gedeon,Váradi
Kaj,Varnak
Merimas,Brownlock
Deborah,Gray
Mekachikiku,
N'Lora,Qarmduct
Csanád,Szántó
Valkra,Mivoloss
Cameron,Mitchell
Poppy,Proudfoot
Harley,Jamieson
Diana,Drummond
Margaret,Mitchell
Diamond,Gaukrogers
Zane,Henderson
G'Kali,Surgh
Robert,Martineau
Kishikutoku,
Amanda,Hanson
Henry,Findlay
L'Aren,Hurn
Ryna,Mergh
Kartal,Lantos
Fraser,Young
Fallon,Smith
Neci,Forgács
M'Tala,Pallara
Tyler,Marshall
R'Kara,Simparri
Louise,Lanza
Sherry,Ladd
Takadoshikiku,
Razanur,Brandybuck
Michele,Rasmussen
Brigitta,Sultisz
Lisa,Childs
Mikumikita,
W'Mira,Nizhisht
Shovak,Hurgoh
Kevin,Unger
Junior,MacDonald
Zukarinkuari,
Aridoarikato,
Millicent,Garcia
Rinkashikika,
Adam,Lovell
Mekachirishifuto,
Zudotekichiri,
Kemarrin,Avell
Paul,Bowling
Morgan,McIntosh
Cheryl,Foos
Kutataka,
L'Tava,Uvarek
Doderic,Sackville
Rinkimirikakuta,
Tatell,Lorexen
"Nora ",Chubb
Jay,Munro
Bryan,Allan
Virag,Balogh
Tomoshirinka,
Anton,Brown
Mekutatafu,
Henry,McKenzie
Kthor,Torin
Belle,Craig
Belle,Böröcz
Borsala,Horvát
W'Sira,K'Tal
Jishikujiji,
Arabella,Headstrong
Lorgh,Kiosan
Rory,Robertson
D'Rura,Sarn
Tétény,Major
Jessica,Henry
Lawrence,Bates
Darda,Sinku
Donnamira,Burrowes
Shifukato,
Zumokatotoku,
N'Kehla,Abarsha
Folcard,Maggot
Takuarichikushi,
R'Rali,Duras
Shay,Cameron
Kehli,Varrin
Kukitakukuto,
Ka'As,Sarn
Gergo,Mejer
D'Vekma,Erada
Imre,Kardos
Maksymilian,Fraser
Polo,Maggot
Mya,Davidson
Keel,Kone
Michael,Rivera
Goldilocks,Chubb
Vitéz,Szigethi
Niall,Donaldson
Arikukato,
Aktuh,Axenni
Belba,Burrows
Mark,Martin
Kathryn,Burns
Malika,Sultész
Felix,Kimball
Kacey,Reilly
Roda,Zu'ud
Razanur,Took
Billy,Pollard
Beatrix,György
Semolina,Took-Brandybuck
Deco,Markó
Anthony,Mahon
Hugo,Bracegirdle
Ibrahim,Clark
Kakashimoto,
Aridoarikato,
Szabina,Csorba
Kerge,Kazu
Zumokuarinori,
Hamish,Milne
Everard,Bunce
Askade,Noggra
Denes,Göröncsér
Vekma,Abarsha
Chikilulukatofu,
Zsofia,Fazekas
Kathy,Conroy
Charles,Rogers
Tavana,Wulfek
Hob,Tûk
Jack,Wilson
Belisarius,Greenhand
Amethyst,Burrowes
Tamodokiari,
Kat,Kôvári
Pervinca,Hornblower
Faye,Arana
Primrose,Tunnelly
Rollo,Took-Took
Matta,Diggle
Elizabeth,Nicholson
Rinkashikika,
Juan,Martin
William,Sherman
Arthur,Kennedy
Gizi,Sinka
Tanta,Gammidge
Fastolph,Puddifoot
Posco,Goldworthy
Christopher,Segura
J'Hussa,Mortran
Primrose,Burrows
D'Korrda,T'var
Tekarukite,
Prisca,Brandybuck
B'Gira,Graf
Takuaritakufu,
Cedivar,Rumble
Russell,Moniz
Zumoritotofu,
Liza,Révész
Tekuzumoshikari,
Matthew,Marshall
Aaron,Fraser
Zukushitokimiku,
Lõrinc,Sipos
Darcey,Bruce
Kolos,Szôllôsi
Karinfu,
Kakashimoto,
Mara,Török
Chris,Heenan
Katherine,Reid
May,Labingi
Kallaor,SepIch
Eszti,Sallai
Zushikutoteka,
Saradas,Gawkroger
Lilla,Pollák
Estella,Bracegirdle
Mekurukito,
Amanda,Maggot
B'Togho,Kazag
Vixis,Avell
Reli,Unagroth
Fruzsina,Barabás
Jose,Garcia
Marcsa,Kontz
B'Ekman,Seeth
Murray,Clark
Meshikiarichikuto,
Rinkashijikashikuchi,
Carl,Twofoot
Rose,Brownlock
Liliána,Hoffmann
Randy,Shields
Arnor,Labingi
Susan,Rodriguez
Barbara,Ramirez
Ruaridh,McIntyre
Raka,Napos
Kargan,Juriss
M'rel,Seeth
Joseph,Delavega
Rega,Krolt
Artur,Martin
Shimozuzukiku,
Keve,Kazu
Bryn,Aitken
Alex,Antall
Benci,Böröcz
Pamphila,Fairbairn
Aririkishitakufu,
Ozor,Dömötör
Lexie,Mackenzie
Karana,K'Tal
Alex,Hunter
Martin,Watson
G'Nara,Renjar
Paladin,Took-Brandybuck
Rinkashifu,
Paulina,Russell
William,Arevalo
Marvin,Johnson
Andrea,Antal
Martuska,Meier
Oskar,Wilson
Weronika,Kennedy
Ehleyr,Kanjis
Jikashifu,
Laurice,Leonard
Kimberley,Ritchie
Kukitakukuto,
Sheila,Hill
Uzor,Totth
Vicuska,Lendvai
Kacper,McIntosh
Nicole,Cohen
Bercilac,Burrows
Cara,Longhole
Zukarinkuari,
Arizhel,Mishtak
K'Kola,Noggra
Holly,Knight
Agotha,Albert
Sanford,Huff
Corey,Kerr
Eshan,Boyle
Carmen,Lovell
Melissa,Morris
János,Buday
Katinka,Lovas
Koryo,Muuda
Filibert,Mugwort
Adrienn,Huszár
Nahand,Button
Nicole,Braman
Shikafurinmotote,
K'Deka,Trimori
Mirishikiarichikitoka,
Tatell,Korat
Ompoly,Timár
Rezsx,Mauer
Joe,Gerrish
Patryk,McKenzie
Takumotokashite,
Belladonna,Boffin
Rinkazukuta,
Kishirinjikashite,
Bod,Szántó
Cottar,Mugwort
Rinkimirikakuta,
Kinga,Csordás
Tess,Johnstone
Rinkashijikashikuchi,
Zukitatafu,
Kordite,Surn
Mary,Winston
R'Tori,Axenni
Tekukato,
Richard,Popham
Tadomikitataku,
Lisa,Youngs
Askade,Huron
Keira,Munro
Zukushitokimiku,
Kabarann,Onnak
Earl,Latham
Lisa,Sheldon
Borbála,Lévay
Tomaj,Szalai
Ugod,Hegyi
W'Mari,Torin
Zétény,Lakatos
Bruno,Roper
Belba,Burrowes
Myles,Donaldson
Amethyst,Clayhanger
Armand,Török
Jakub,Ferguson
R'Rali,Lomakh
Tekikatotoku,
Carter,Kennedy
Shijqa,D'ciq
Kiltarc,Daa'maq
Polo,Puddifoot
Noémi,Sallai
Márk,Molnár
Kyle,Johnston
Raymond,Gagne
Arikazushikitoka,
Leon,Ritchie
Bertuska,Rigó
Rinkashifu,
Grala,Kamarag
Lukadoarichikitomo,
Pamphila,Gawkroger
Mikashishikiku,
Shikatotefu,
Odovacar,Burrowes
Fulop,Fekete
László,Gyôrffi
Katotoku,
Patrycja,Donaldson
L'Lursa,Velai
Kaleb,Alexander
Erzebet,Béres
M'Syna,Kenka
Aleksandra,Robertson
Alyssa,Mackay
R'Kana,Rovashi
Mirishikiarichikitoku,
Chirikatori,
Folcard,Burrows
Mary,Cartwright
Paliki,Herczeg
Martin,Bivins
Nieve,Simpson
Autumn,Fraser
Jean,Dowling
Saul,Docherty
Liam,King
Katojikutamo,
Martha,Edwards
J'Grala,T'lak
Czigany,Gyôri
Charlotte,Hay
Cecile,West
Jeremy,Hom
Zukushishifu,
Ch'Tihla,Edronh
Belinda,Gammidge
Kashichiridoshi,
Zukarinkuari,
Maura,Gamgee
Kade,McGregor
John,Watkins
Gerda,Lightfoot
Shimozukushichi,
Campbell,Wilson
Vilmos,Pap
Matilda,Allan
Mattalic,Tunnelly
Stuart,Robbins
Duenna,Brown
R'Gira,Chang
Motakirukika,
Esteban,Rivera
Emese,Benczik
Mara,Herczegh
K'jarg,Xennik
K'leela,Kor
Rena,Iraheta
Zumorito,
K'nera,Kurper
Connie,Kerr
Dwayne,Williams
Mekurukito,
Kazj,Olahg
Regina,Headstrong
Shimozufuto,
Tekameito,
Kura,K'tar
Mirikashitakuari,
Takashishifu,
Jensen,Morrison
Walter,Anderson
Toq,Karg
Dave,Witham
Krisztina,Böröcz
Vrenn,Lorgh
Bowman,Clayhanger
James,Dancy
Ehleyr,Kaneida
Pearl,Rumble
Kiltarc,Gavicx
Wiseman,Bracegirdle
Jikumoshijiku,
Mary,Stonebraker
Ann,Angell
Kaybok,Gannik
Soma,Lukáts
M'Tala,Jorn
Neave,Mitchell
Samwise,Mugwort
Heribald,Galbassi
Adelard,Goodbody
M'Syna,Kone
Natalie,Watt
Mekutatafu,
Winfred,Bennett
Korris,Caxel
Milo,Banks
Tommy,Robertson
Reece,Simpson
Marót,Bernát
Martin,Weress
Khalil,D'jon
Anita,Jónás
B'Togho,Korrd
Shay,Reilly
Mek'Ka,Rejac
Dina,Hayward
M'Gara,Targesh
G'Eneth,Zulor
Freddie,Turner
Catriona,Mackay
Flavus,Gaukrogers
Jason,Stephens
Alfrida,Puddifoot
Aron,McKay
Camelia,Chubb-Baggins
Rudy,Pope
Gilly,Gamgee
Zukutozukarinkito,
Kessum,Kodash
G'Koli,Palkar
Hajnalka,Sultés
M'Kara,Rejac
Robert,Staples
Zukushitokimiku,
Timur,Tolnay
Syna,Keraz
Jikushiki,
Estella,Took
Abbey,Burns
Dillon,McKay
Orgulas,Underhill
Deshawn,Rayford
Chirimorinkaari,
Katochirimotofu,
Krankor,Galann
Viva,Nagy
Joseph,Petti
Yasmin,Grant
Mónika,Major
Ferumbras,Gardner
Rinkashifu,
Takiarika,
Matilda,Sandheaver
Ferike,Langh
Rinkashichikitoka,
Ruaridh,McIntyre
Greva,K'mpok
Mikashitaka,
Nokachishikimime,
Savanna,Oldbuck
Erin,Lee
Menegilda,Took-Brandybuck
Jikashifu,
Kurinkitafu,
Esmeralda,Brandagamba
Marmadoc,Lightfoot
Ozsvát,Szöllössi
Mara,Karum
Izsak,Sághi
Zajzon,Kálmán
Pentele,Szôllösi
Michael,Bolding
Zukarinkuari,
Zumoariridoka,
Gerard,Brown
Nina,Brownlock
James,Ewing
Deli,Oláh
Elaine,Jones
Kata,
Folco,Banks
Vázsony,Sári
Marcsa,Schmidt
Richárd,Dobos
Sira,Gashtor
Linka,Szûcs
Eszti,Györffy
Primrose,Gardner
Zukarinkuari,
Farkas,Bence
Orsolya,Hofmann
Kurak,Vallic
Kutaj,Muuda
William,Copley
Karagg,Caxel
K'ehleyr,Vollox
Adelgrim,Smallburrow
Erssike,Dávid
Kheyl,Adion
Keir,White
Jago,Labingi
Seredic,Sackville
Marika,Maier
Kelsi,McMillan
Selina,Banks
Ruaridh,Mackenzie
Rorimac,Burrows
Tibor,Gelencsér
Wanda,Richmond
Rinkashifu,
Lee,Du
Alesha,Millar
William,Kelemen
Zumoariku,
Rosamunda,Lightfoot
Conan,McMillan
Grace,Estrada
Juan,Webber
Bobbie,Witt
Mara,Rinn
Gail,Blake
Tanta,Button
T'Gara,Napos
Holfast,Boffin
Tamodokiari,
Borhala,Berki
Dzsenifer,Hermann
Da'Ka,Pallara
Gelly,Khemara
Richard,Miller
Tamodokiku,
Katakimikika,
Jessie,Turner
Megan,Gibson
Sasa,Kozma
Abaran,Kamril
Adjur,T'lanak
Cara,Hayward
Marcus,Anderson
Chishikamifu,
Anthony,Leeson
Ármin,Kozma
Joska,Ferenci
Kyran,Kelly
Danny,Munro
Mantissa,Gammidge
Bilcuzal,Galbassi
Irenke,Benkö
Curtis,Findlay
Bobby,Davis
Grala,Moctos
Jimmy,Saenz
R'Valkra,Kommora
Rezsx,Szalai
Ted,Baggins
Ruari,Wood
Belinda,Lothran
Foster,Maynard
Melinda,Szölôs
Lilia,Petrone
Chantelle,Graham
Arianna,Crawford
Pamphila,Diggle
Rukutokuariarika,
Bandobras,Took
Katojikutaka,
Elfstan,Took
Kora,Mirrin
Patrícia,Földessy
Charles,Tapp
Sirella,Kruge
Virginia,Alvarez
Bridget,Espitia
Tekimoto,
Kitoka,
Jishikujimoshifu,
Enikõ,Erdélyi
Sonny,Forbes
Meikitatakikarin,
Paul,McDonald
Erin,Crawford
Merry,Banks
Lyndsey,Calkins
Kathyrn,Burlison
Zukashizukashika,
Klinka,Subaiesh
Sebes,Erdélyi
Shenara,Moctos
Erzsi,Szarka
Mantissa,Hogpen
Kretorg,Godar
Syed,Dickson
Alberta,Makay
Susan,Leiker
Ragga,Devari
Jessica,Docherty
Ted,Smallburrow
Dinodas,Twofoot
Shidochiri,
Keppa,Kallatar
Razanur,Brandybuck
Tivadar,Vég
Sadoc,Banks
Jenci,Baranyai
Luella,Johnson
Rinka,
Sigismond,Burrowes
Tekuzumoshikari,
Szabina,Barta
Polo,Burrows
L'Kara,Vollox
Adrián,Fazakas
Nina,Mugwort
Krystian,Reilly
Zukuariarikimika,
Gail,Gates
Sandra,Moses
Damian,Simpson
Haiduc,Gardner
Jikumoshijiku,
Borhala,Szigethi
Ninacska,Pintér
Mackenzie,Smith
Gary,Bushee
Kardos,Kováts
Patricia,Jackson
Fulvus,Chubb-Baggins
Lukutakinoku,
Nathan,Dickson
Bettina,Szepessy
Mooreoorish,Barta
Jikumoshijiku,
Ernesztina,Gyenis
Myricoorish,Juhász
Andrea,Gilliam
Maggie,Grant
Kutatakimochichi,
Kho'chi,Kiosan
Koral,Kurper
Csepel,Virág
Kadra,Gura
Linda,Gammidge
Jikumoshijiku,
Temoshikiari,
Jacqueline,McClellan
Ka'Cho,Vollox
Fletcher,Jamieson
G'Rali,Renjar
Charles,Jennings
Andwise,Gaukrogers
Tyler,Macleod
Sarah,Hendershot
Eglantine,Hornblower
Olivér,Mejer
Kallaor,T'lanak
Nasa,Qua'lon
Askade,Mishtak
Meghan,Bell
Donald,Swink
Shikutoku,
K'ven,Lomakh
Atilla,Simon
Ompoly,Gyenes
Dorina,Csontos
Kathryn,Williams
Adjur,Toral
Polo,Headstrong
Rudolph,Galbassi
Bartalan,Soós
Mary,Quinn
Rohan,Reilly
Louisa,Paterson
Rinkashijikashikuchi,
Tomoshika,
Viola,Packard
Gilly,Burrowes
Allan,Hunter
Zukashizukashika,
Adony,Hegyi
Robur,Gardner
Cillian,McIntyre
Gergely,Szûts
Arichikunorikuto,
Kushikimi,
Zumoariku,
Erika,Mihály
Katalushikute,
Kayla,Black
Hending,Banks
Lilla,Schmitt
Rinkashifu,
Zumokato,
Mekirin,
Szabina,Zarka
Julius,Trammell
Melissa,Gammidge
Tomoshirinkato,
Israel,White
Zumoshijiku,
Bars,Petô
Rikushizukushichi,
Mekachirikushikitoku,
Alfrida,Button
Bilbo,Headstrong
Rosamunda,Banks
Linda,Sandyman
T'Ellan,Najuk
Lily,Sackville
Kagga,Gomorrac
Loretta,Scott
Bertha,Brandagamba
Maggie,Robertson
Alex,Murray
Hont,Ferenczy
Angel,McGregor
Sasa,Fenyvesi
Zukukato,
Meikutotefu,
Chilimanzar,Fairbairn
G'Maltzak,Kaneida
Abaran,Velai
Zukarinkuari,
Susan,Massey
Lukushitokatotemo,
Amina,Miller
Temoshika,
Odön,Tarr
Ktala,Kazag
Donnie,Henson
Matthew,Garmon
Liliána,Papp
Quinn,Clark
Michael,Turner
K'Meka,Vurstic
Kyran,Fraser
Adelbert,Took
James,Fontenot
Rowan,Hogpen
Takitoteka,
Rinkashijikashikuchi,
Lobelia,Whitfoot
K'Kura,T'lak
Amethyst,Brown
N'Mosa,Gensa
Savanna,Smallburrow
Rinkujikato,
Aron,Clark
Callan,Kerr
Hena,Quark
K'tol,Valdyr
Deborah,Kiser
Sebo,Benkó
Kaelyn,Crawford
Cornelia,Fairbairn
Joann,Acuna
Olo,Burrows
Aranka,Polgár
Carol,Richey
Jeffrey,Pantoja
Bura,Rul
Rowan,Banks
Grala,Kamarag
Isengar,Burrowes
M'kota,Fulmori
Shikatanori,
Dezhe,Restagh
Chikushishifu,
Egyed,Kádár
Emma,Boda
Karen,Ingram
Margaret,Grooms
Zharn,Treth
Rory,Hamilton
Brandi,Smith
Jakob,McMillan
Gilly,Sandyman
Carl,Guzman
Victor,Labriola
Bradley,McIntosh
Leona,Allan
Kashichiridoshi,
Mary,Holley
Evelin,Hermann
Katochimotokimo,
Julia,Mitchell
Alan,Boulay
Flavus,Burrows
Ryna,Amexar
Shikutokuku,
Mario,Brothers
Koll,Kurr
Celendine,Sackville-Baggins
Christopher,Dixon
Róbert,Kádár
Kont,Sultisz
Jikumolulushikufu,
Zumorito,
M'Leyra,Grendle
Bobbi,King
Ramsay,Jones
Memeth,Linzor
Matilda,Thompson
Linda,Headstrong
Flynn,Bruce
Brooklyn,Maclean
Melilot,Chubb
Millar,Henderson
Kru,Tharaxes
Daniel,Taylor
Katekarin,
György,Kárpáthy
Virginia,Solberg
Kont,Bagi
Arikatoteshika,
Jenna,Cunningham
Zumoritotokiku,
Shikujikitoka,
Chanel,Young
Katie,Grant
Treszka,Budai
Karinkatoteka,
Bertalan,Kurucz
Aktuh,Laggal
Elena,Miranda
Marmadoc,Brownlock
Kobalt,Zalcveg
Ian,Hamilton
W'Morka,Pallara
Eula,Major
N'Lora,Linzor
Kuzishika,
Darcy,Fleming
Ben,Paterson
Zumoariku,
Tanas,Karat
Isengrin,Bolger
Ra'Ta,Treth
Erzsi,Madarász
Guido,Banks
Ron,Moya
Alfrida,Lightfoot
Brian,Ortiz
Marilyn,Ezell
Ra'Ta,Anag
K'Kora,Seeth
Kate,Simpson
Corinne,Hornberger
Barry,Kerr
Reclaw,Mvoric
Vana,Kellein
Askade,Zu'ud
Rinkatekutakitoku,
Merry,Puddifoot
Zukaarimoto,
Jermaine,Adams
Zekö,Gelencsér
Cherrie,Davis
Tardos,Szepessi
Orzsebet,Farkas
Marion,Harris
M'Vixis,Kardis
Katotoku,
Kutetoka,
Ellie,Wood
Rinkimirikakuta,
Jenci,Böröcz
Sofia,Munro
Richard,Thrift
Thomas,Metzger
Jasmine,Baggins
Zukululukushifu,
William,Clower
W'Vixis,Gorm
Kurukutafuto,
Asphodel,Lothran
Codi,Stewart
Rukishijikitokika,
J'Kurna,Kanff
Caradas,Bracegirdle
Katakato,
Zukarinkuari,
Dora,Bunce
Emily,Shaw
Lipót,Donka
Elanor,Whitfoot
Lanna,Hinori
Beatrice,Douglas
Mara,Koncz
Tokuchichikiku,
Barak,Konjah
Dimple,Miller
Katalin,Thuri
Diamanda,Headstrong
Rezsõ,Hermann
Kiltarc,Duras
Brian,Solorzano
Rinkimirikakuta,
Kolline,Kaas
Mercédesz,Kádár
Richard,Jeffers
Elizabeth,Perkins
Lehel,Cseh
Fulvus,Goodchild
Renáta,Wagner
Rinkutakatokiku,
Amalda,Brandybuck
Celendine,Galbassi
Christine,Gadson
Bingo,Bolger
Shifukato,
Alexandra,Clay
Miranda,Puddifoot
Jak,Hughes
Amethyst,Longhole
Longo,Chubb-Baggins
Leah,Wright
Robinia,Took-Brandybuck
Adaldrida,Took
Hope,Dickson
Tomas,Hughes
Rosie,Taylor
Merimas,Burrows
Priscilla,Edwards
Zumorito,
Keleman,Thury
Bertha,Labingi
Matthew,White
Emaan,Davidson
Floyd,Butters
Maurice,Walker
Stacey,Page
Debra,Rankin
Tedoarichikito,
Elfstan,Maggot
Adojan,Mauer
Fulvus,Greenhand
Fastred,Gardner
Takameishikutomiku,
Lushikutetekiku,
Mary,Kee
Chandra,Haney
Zukutotokilukushi,
Meikitatakikarin,
Arizhel,Gashtor
Buddy,Kirk
Milo,Headstrong
Meikitatakikarin,
Jason,Gordon
Cosimo,Maggot
Keedera,Toral
Vada,Laggal
Bruno,Goldworthy
Tekarukite,
Courtney,Hughes
Zukutotokiku,
To'Ka,Vurstic
Sméagol,Chubb-Baggins
Klag,Rul
K'tan,Zanis
Zumoto,
Lalia,Took-Took
Kutataka,
Lajos,Sinka
Wiktor,Hamilton
Carmen,Paterson
Lushikatome,
Shimozukushichi,
Kian,Avell
Leslie,Foster
Deco,Szôllôssy
Uzor,Angyal
Rinkimirikakuta,
Columbus,Goodbody
J'Syna,Rannic
Markos,Nemes
Rinkashitakutoku,
Tekarukite,
Merzan,Toragh
Natalia,Simpson
Kutakukatomoshi,
Salvia,Longhole
Charles,Watson
Aririkukitaka,
Layla,Gibson
Struan,Jamieson
Aisha,Watt
Klaa,Rixen
Jose,Brown
Emily,Docherty
Brutus,Proudfoot
János,Lendvay
Ádám,Kollár
Edward,Landon
Joseph,Hudson
Ferike,Szabados
Izaak,Williamson
Maxima,Sandheaver
Robur,Sandyman
Dylan,Stevenson
Gormadoc,Goldworthy
Takuku,
Jeffrey,Fields
Mozes,Szölösi
Heather,Anderson
Zumokuta,
Chishikarukiari,
Azetbur,Mnemon
Korna,Rashtesh
Julcsa,Takáts
Rinkaku,
Ch'Meka,Messesh
Benjamin,Locker
Zumokatotoku,
K'trelan,Solazarn
Doderic,Hayward
Kathleen,Wu
Kukashita,
L'Tava,Kanff
Ibolya,Szöllössy
Kutakizikazukuchiri,
Ka'Ra,Mortran
Kathleen,Turner
Mikashitamoari,
Georgia,Dickson
Joann,Hoang
Gormadoc,Sandheaver
Kayley,Christie
Tamoshiki,
Zoe,Moore
Shannon,Ferguson
Farhan,King
Kaj,Amerex
Kell,Kodash
Bela,Sebôk
Barry,Sims
Karinkatoteka,
Gyala,Bence
Konmel,Velai
Longo,Brownlock
Ozor,Fenyvesi
Calleigh,MacDonald
Camelia,Underhill
Berylla,Gardner
Barbara,Dalrymple
Gerda,Zaragamba
Amie,McLean
Ragga,Kanjis
Zukutokichika,
Shannon,Arias
Mary,Hart
Fastred,Labingi
Katochimotokimo,
Paul,Crocker
Leland,Kennedy
Dzsenifer,Seress
Piroska,Makay
Christine,McGregor
Matta,Diggle
K'retok,Roc
Rose,Lothran
Zudotekichiri,
Jacob,Lovely
G'Vixis,Tichar
Zukushitokashite,
Shimozukushichi,
Amanda,Longhole
Sinead,Crawford
D'Lursa,Inagh
Diane,Newman
Zsombor,Lakatos
Becse,Lengyel
Konjah,Kor
Szalyk,Kontz
Jikumoshijiku,
Mirishikiarichikitoku,
Samwise,Gawkroger
Meikitatakiku,
Adrienn,Zarka
Kreg,D'ciq
J'dan,Jarov
Pamphila,Goold
Courtney,Weidner
Carambo,Bracegirdle
Mary,Bush
Rudolph,Mugwort
Mosco,Goold
Robert,Daniel
Rosa,Whitfoot
Mekukichiri,
Robin,Rios
Arikatoteshika,
Michael,Carstensen
T'Gara,Linarack
Pearl,Took-Took
Natalie,Wood
Nokukashitakiku,
Eszti,Fenyves
Ferdinand,Took-Took
Kathryn,Alexander
Bob,Chubb-Baggins
Shimozuzufuto,
Mooreoorish,Tarr
Kovlor,Moctos
Robinia,Gaukrogers
Fred,Lynn
Dora,Vega
K'temoc,Mogodush
Virag,Szekeres
Tyler,McMillan
Arlene,Geist
Toran,G'Iogh
Hunter,Munro
Dora,Baughman
Alison,Till
Harold,Kelly
Rinkashifu,
Zukushishifu,
Stephanie,Brandon
Hanna,Gyarmathy
Zukuariarikimika,
Panna,Balázs
Rinkimirikakuta,
Nicol,Lothran
Meikitarinka,
Mirikashitakuari,
Benci,Kaszás
Lalia,Proudfoot
Karlassa,Zulor
James,Irwin
Casey,Quinones
L'Vixis,Unarrh
Michael,Gaither
Theresa,Conner
Vanessa,Morrison
Nokadotaka,
Nina,Whitfoot
Rebecca,Alexander
Lucie,Grant
Zumoariku,
Gundabald,Gammidge
Romaine,Boyles
Hamza,Sinclair
Chikushikuarika,
Kathy,McConnell
Caden,Jones
Lushikatomikuari,
Sophia,Stewart
Jonathan,Vasques
Jacqueline,Amendola
Katojikutaka,
John,Blair
Jean,Wilkinson
Noggra,Kiosan
Ubul,Illés
Zukashizukashika,
Lobelia,Burrowes
Samlad,Hogpen
Nancsi,Mezey
Broska,Bencik
Meikitatakikarin,
Tekashishifuta,
Raymond,Smith
Lorencz,Berta
Etilka,Szabados
Dan,Perez
Donna,Hawkins
Hildibrand,Brockhouse
Zudokatokichika,
Goldie,Hayes
Kutetoka,
Koll,Semparri
Tekutotokiari,
Brandon,Carson
Zumorito,
Lily,Hornblower
W'Mari,Kahnrah
Lanna,Horon
Agoston,Szarka
Gerda,Greenhand
Enen,Boral
Zukitatafu,
Kehli,Karg
Nokujijifu,
Meikatachikushi,
Elizabeth,Azure
Dina,Sackville-Baggins
Fumotamototeka,
Miriam,Reilly
Balbo,Gardner
Nico,Gordon
Luca,Baán
Sherry,Kissinger
Jaime,Wright
Shane,Wilson
Faizan,Bell
Mar'Da,Huron
Ch'Mira,Keraz
Micheal,Bird
Katalin,Sánta
Georgina,Kecskés
Zushikikato,
Keve,Kharsack
Savannah,Campbell
Jasmine,Puddifoot
Charles,Bland
Roxanne,Williamson
Isembard,Chubb-Baggins
Miley,Clark
Alexandra,Pintér
May,Tunnelly
Myrtle,Gardner
Rinkashichikito,
Kerecsen,Baranyay
Otho,Mugwort
Sigismond,Goldworthy
Zsa-zsa,Szücs
Lola,Brown
Conall,Stevenson
Patony,Illés
James,White
Angela,Hood
Melba,Maggot
Takitoteka,
Kriszta,Benedek
Tekashishikutata,
Samwise,Brandagamba
Ubul,Orbán
Zoe,Robertson
Robin,Taylor
Bodor,Szôts
Mosco,Whitfoot
Kristofer,White
Shaun,Gibson
Barbara,Pitt
Ty,Hunter
Deborah,Sanchez
Chikirinmochirifu,
Kabarann,Rashtesh
Pista,Fekete
Mara,Wulfek
Takitoteka,
Mitakashikichika,
Cintia,Pataky
Denise,Bowers
Fastred,Lightfoot
Tímea,Baranyay
Vivien,Kállay
Vitéz,Galambos
Jose,Marshall
Takadoshika,
Kala,Formorax
Bell,Brown
Kilmeny,Gavicx
Zsolt,Józsa
Brad,Stevenson
Sarika,Schmitt
Mar'Da,Koloth
Kola,Kaas
Stephen,Wang
Ch'Mara,Jarov
Elsa,White
Temototoka,
Florence,Boyce
Chilimanzar,Bunce
Shimozukushichi,
Alice,Campbell
Shikanorikakuta,
Ervin,Sághi
Evelyn,Grove
Cindy,Coco
Takashishifu,
Garry,Williamson
Scudamor,Longhole
Aleksandra,Kennedy
Meikitatakikarin,
Peregrin,Button
Andrea,Kitchens
Melampus,Brown
Erzebet,Meyer
Aririkatotomoto,
Orkény,Szarka
Rayan,Johnston
Rinkimirikakuta,
Baela,Gowr
Poppy,Sackville
Sebastian,Brown
Zukuariarikiku,
Brosca,Szepesy
Jamie-leigh,Taylor
Gerontius,Goldworthy
Torin,McKenzie
Diana,Enright
Ed,Markham
Daniella,Kelly
Ildiko,Mezei
May,Smith
Michal,Craig
Zumoku,
Larna,Caxel
Lynda,Soto
Rorg,Galann
Emmie,Wallace
Ch'Dora,Venonn
Cili,Harsányi
Bilal,Williamson
David,Schaper
Robert,McGowan
Karly,Allan
Kerry,Sevier
Eve,Hay
Shikimirikashite,
Kadozushikufu,
Allen,McPherson
Mikolaj,Docherty
Nick,Longhole
Bilal,Ferguson
Linda,Doering
Tamotaka,
Lyla,Taylor
Orlaith,Duncan
Liam,Boyle
K'Kola,Najuk
Arnor,Hayward
Shimototeka,
Jean,Mercado
Prospero,Burrows
Jikakita,
Szevér,Szôlösi
Zumoariku,
Zachary,Milne
Chishikamifu,
Torak,Sarn
Marcus,Welliver
Kalitta,Gura
Kati,Ferenczi
Rinkitateshikute,
G'Kali,Korrd
Kimberly,Macleod
Tas,Benczik
Barbara,Mena
Chirimorinkaari,
Chishikamikiku,
Arikatoteshika,
Charles,Varnum
Erzsi,Mester
Felicity,Murphy
Estella,Banks
Cottar,Proudfoot
Asphodel,Goodchild
Harriet,Ross
Ktisztina,Horvát
Charles,Turpen
Charley,Millar
Keiren,Maclean
Cerys,Kerr
Zukukato,
Shenara,Simpalla
Ben,Kennedy
Ormos,Borsos
Nicola,Muir
Mimosa,Mugwort
James,Hanson
Noel,Jackson
Tatell,Shala
Markus,Sárközy
Bilbo,Brandagamba
Korus,Qarmduct
Tétény,Csizmazia
Arikatatafu,
Kazak,Vollox
Zumorito,
Gazsi,Áts
Robinia,Twofoot
Lotho,Goold
Ch'Raqa,Riskadh
Briffo,Headstrong
Tokutaarimoto,
Belinda,Brownlock
Krisa,Lasshar
Mungo,Goodchild
Loránd,Thimár
Michal,Jones
Gara,VamPyr
Maria,Grant
Cole,Gray
Gyala,Langh
Samwise,Underhill
Pál,Berky
Zoltán,Lantos
Zsuzsanna,Oláh
Michael,Madore
Markus,Forgáts
Pandora,Bolger-Baggins
Ellie-louise,Hamilton
Carson,McMillan
Katoto,
L'Kahli,Grunnil
Lukazukikato,
Orsolya,Elek
Brigitta,Maier
Paul,McDonald
Meth,Rrilac
Stanley,Hamilton
Malva,Bracegirdle
Katotokuchichiku,
Bell,Mugwort
Gundobad,Goldworthy
Lauren,Kerr
Ann,Marti
Bryn,Ritchie
Kalimac,Headstrong
Joseph,Leach
Reece,Cunningham
B'Kahli,Hurgas
Zukukato,
Kessum,Galann
Matta,Zaragamba
Jamison,Williams
Jolan,Csizmazia
Gloriana,Gamgee
Takitaka,
Zukarinkuari,
Aliz,Forgách
Gréta,Oláh
Kalman,Szép
David,Carlisle
Sira,Formorax
Muhammad,Grant
Meikitatakikarin,
B'etor,Huron
Regina,Greenhand
Minto,Gawkroger
Debra,Desrochers
Lucas,McMillan
Gundolpho,Bolger
Rinkashijikashikuchi,
Kimberley,Thomson
B'ijik,Kruge
Prisca,Whitfoot
Mikatotekamiku,
Bilcuzal,Mugwort
Linda,Zaragamba
Molar,Lar'at
Tanang,G'Iogh
Brandon,Gain
Alexandra,Benkó
Zoárd,Kis
Tommy,Stewart
Karinfu,
Szabina,Kozma
Zumoku,
Felix,Marshall
Kaj,Lorexen
Mirrin,Wallace
Kishikutoku,
Valkra,Ruktah
Peggy,Heard
Ozor,Kertész
Primrose,Bolger
Rinkashifu,
Zobor,Barna
Isengrim,Brandagamba
Edward,Bock
Szólát,Hegedûs
Kemarrin,Rashtesh
Tekarukite,
Mihály,Kuncz
Judith,Gonzalez
Rinkachichirikumei,
Aridozikatotoku,
Gloriana,Diggle
Ilona,Lévai
Ernesztina,Lázár
Flavus,Twofoot
Vana,Duras
Matthew,Helton
Abby,McLean
Tekutotokiari,
Maura,Noakes
M'Kita,Regoric
Kylie,Moses
Toby,Gibson
Ronald,Glover
Luka,Issarra
M'Kola,Rrilac
Folco,Gaukrogers
Cili,Polyák
Rose,Robbins
Menegilda,Gardner
Rinkachichikiku,
J'Lij,Kultan
Belba,Gammidge
Klag,Simpalla
Tim,Sandyman
Kurn,Yatron
Tekuzushika,
Harris,Docherty
Keiren,Gordon
Marcus,Brockhouse
Shikamirikuta,
Elijah,Black
Madeline,Johnstone
Tora,Rannic
Alexis,Kelly
Ibolya,Szigety
Oguz,Kasza
Mikashimotafuto,
Alfred,Wallace
Bobbie,Place
Mirishikiari,
Zumorito,
Kashichiridoshi,
Kont,Gáll
Artur,Johnstone
Ch'Kara,Abarsha
Rosa,Noakes
Zukatokiku,
Monica,Harvell
Ed,Barreto
Kodon,Vollox
Laurie,McKay
Imre,Hofman
Kadi,Edronh
Shikafurinmotote,
Armand,Gáll
Brooke,Dickson
Beth,Gray
Hope,Milne
Bora,Sándor
Norbert,Balog
Jennifer,Jackson
Alberta,Gray
Joe,Orr
Riley,Mitchell
Rinkimeku,
Isengar,Took-Took
Anita,Simon
Bilbo,Goold
Tekikatotoku,
Chimotofuka,
Demi,Scott
Kehla,Rul
Baillie,Kerr
Tekatokikuta,
Habaccuc,Burrowes
Adelbert,Lackó
Rinkashijikashikuchi,
Géza,Németh
Emily,Nunez
Rukatakushikiku,
Berylla,Brandybuck
Martyna,Stevenson
Virag,Salai
R'Sira,Jorn
Shelly,Lawson
M'Kara,Klasq
M'kota,Neygebh
Juliette,Murray
Odovacar,Sackville-Baggins
Arichikunorikuto,
Robinia,Longhole
Mungo,Greenhand
Maria,Henson
Hamfast,Rumble
Ozséb,Péter
Motatakiku,
Korus,Ozhpri
Nikoletta,Sinku
Zajzon,Fazakas
Dawid,Martin
Halfred,Twofoot
Rinkachichirikumei,
Ronnie,Duncan
John,Clark
Raymond,Jones
Kuruka,
Lehel,Cakó
Jessamine,Mugwort
Gregory,Marcus
Abaran,Huron
Peter,Riggs
Roza,Szöllössi
Melba,Boffin
Tracy,Reyes
Bercilac,Chubb-Baggins
Ibolya,Szabó
David,Black
Fatima,Brownlock
David,Fritz
Zukitata,
Poldi,Weöres
Ashlyn,MacDonald
Tom,Wright
Folco,Longhole
Vencel,Gyarmaty
Mary,Rosario
Viktor,Sultész
Tava,Bolloch
Columbus,Whitfoot
Krisa,Kufey
Duncan,Moore
Theresa,Randall
Bilbo,Boffin
Kende,Zsinkó
Mimoshifu,
Brian,Bryant
J'Gira,Kotzher
Semolina,Labingi
Adjur,Renjar
Zumotokachirimoto,
Willie,Clark
Fulvus,Noakes
W'Morka,Galann
Melanie,Wolfe
Frici,Kun
Millie,Mitchell
Will,Findlay
Hazel,Beggs
L'Kahli,Tharaxes
Jake,Maclean
Roza,Szöllôs
Kushitokuarichikitoku,
Jishikamikiku,
Bonnie,Bullard
Evan,Inagh
Nancy,Harper
Zumorito,
Toby,Underhill
András,Takács
Hildigard,Chubb
Lily,Baggins
Torin,Macleod
K'leela,Cultuic
Adél,Orbán
Mirishikiarichikitoka,
Reuben,Hill
Alex,McLean
Ruby,Gamgee
Juanita,Bonilla
Yusuf,Moore
Jon,Lewis
Daniel,Martinez
Klynn,Mergh
Donnamira,Goodchild
Harry,McIntyre
Sandy,Wigley
Linda,Headstrong
Gary,Pierce
Daisy,Burrowes
Tomasz,Craig
Bildad,Took-Took
Catriona,King
Shelly,Frederick
Haiduc,Rumble
Rikutakutoku,
Jemima,Brockhouse
Barry,Scott
Esmeralda,Tûk
J'Lestor,Restok
Duenna,Boffin
Finley,Jamieson
Barbara,Hoffman
D'Rura,Rinn
Cintia,Petheô
Marót,Benczik
Marla,Gonzales
Elek,Márkus
Shikafu,
Vernon,Eason
G'Maltzak,Korat
Csaba,Szöllôsy
Tzigane,Fazekas
Howard,Grier
Josephine,McDade
Linda,Le
Pahash,Edronh
Kahla,Limmrii
Lois,Lollis
Neive,Brown
Ch'Mira,Karat
Murdo,Wallace
Dorina,Gölöncsér
M'Syna,Targesh
Travis,Gibson
Lursa,K'Tal
Myricoorish,Gerô
D'Vekma,Rulek
Reginard,Proudfoot
Maja,Christie
Kornan,T'lak
Zukushikurinkikari,
Rachel,Moore
Christina,Jones
Lewis,Taylor
May,Findlay
Zukukato,
Primula,Gammidge
Sherri,Mackie
Johnny,Marshall
Tara,Stevenson
Temoshikiari,
Kelt,Rejac
Roddy,White
Rinkashikika,
Mekukichiri,
Zudotakiku,
Huraga,Quark
Ruben,Macleod
Ian,Robinson
Lucille,Leake
Daisy,Watt
Zumorito,
Carlos,Snyder
Nairn,Watt
Lukara,Gavicx
Tomas,White
Zombor,Szûcs
Bildad,Grubb
Chilimanzar,Maggot
Lena,Williams
Malva,Sandheaver
Rikushirinkato,
Belladonna,Oldbuck
Kende,Szölôs
Zukuchichikiku,
Cosimo,Button
Daisy,Baggins
Jitakutoto,
Matthew,Broman
D'Kara,Mnetic
Márió,Pálffi
Franciska,Gyarmathi
Rorg,Khard
Primrose,Diggle
Alanna,Mitchell
Shovak,Surgh
Korras,Rovashi
Mira,Mogh
Evan,G'Iogh
Cornelia,Gawkroger
Akhil,Mergh
Rikutoshifu,
Takumeikiari,
Benedek,Zsinkó
Arichikunorikatokiku,
Peyton,Gordon
Kund,Bagy
Nikolett,Magyar
Cerdic,Sandheaver
Ch'Mara,Korat
Goldilocks,Goodbody
Upor,Bán
Lotho,Roper
Ellie-louise,McKenzie
Juliska,Gyôrfi
Theobald,Bolger
Kian,Zulor
Ernesztina,Kecskés
Rendor,Simka
Izabella,Várady
Maglus,Kaneida
William,Anderson
Barry,Kennedy
Kaariritakufu,
B'Grena,Kargon
Lukazukikato,
Bod,Kertész
R'Mira,Zulor
Zerind,Györffi
Kutatakuto,
Tekarukite,
Mikashirinkuto,
Keled,Salamon
Amalda,Lightfoot
Terry,Folmar
Shikimirikashite,
Elfstan,Gawkroger
Shikafu,
Lutamofute,
Rinkutakiariarika,
Patricia,Reece
Kat,Majer
Katarina,Bence
Tekatokikutataku,
Katoteshikuka,
Arwen,Forbes
Meikatatakamiku,
Katalin,Áts
Motakirukika,
Fulvus,Twofoot
Milo,Goodchild
Briffo,Sackville
Mekukiaririka,
Cristina,Leung
Rinkimirikutataku,
Zukarinkuari,
Armand,Makai
Gilly,Diggle
Pedro,Sanger
Malachy,Paterson
Pahash,Tichar
Daisy,Oldbuck
Mackenzie,Duncan
Sandra,Adams
Belinda,Button
L'Kahli,Xypeni
Kasey,Crawford
Shikafurinmotote,
Rihanna,Forbes
Madoc,Galbassi
Sayba,Gowr
Faye,Bruce
Karinkatoteka,
Leanne,Franklin
Mildred,Akins
Jamie,Jones
Halle,Thompson
Kinga,Csontos
Ralph,Byard
Patrícia,Szarka
Belba,Zaragamba
Anthony,Harris
Tekutamoshikiari,
Tekutotokiari,
Veronica,Baker
Ábel,Balogh
Zumorito,
Ronald,Haun
Tekikatoka,
Rukirukikato,
Lazar,Kuruc
Melba,Bolger-Baggins
Liza,Lakatos
Regõ,Kôváry
Norbert,Szigeti
Farkas,Szakáts
Primula,Lightfoot
Isaac,Murphy
Charley,Jones
Macey,Taylor
McKenzie,Allan
Isembold,Goodchild
Jorja,Findlay
Mónika,Taar
John,McKay
Kutakizikazukuchiri,
David,Markham
Kev,Kodash
Takitafu,
Nokadota,
Sophia,Christie
Mateusz,Douglas
Cheryl,Giblin
Arlo,Docherty
Kirsten,Hunter
Margon,Jarov
Sandy,McDonald
Logan,Anderson
Eszter,Csikós
Meneaduc,Baggins
Katoto,
Basso,Button
Oliwier,Cameron
Dominik,Graham
Asphodel,Lothran
Temorinkitokikedoku,
Rose,Clayhanger
Tekarukite,
Raymond,Johnstone
Tamás,Danka
Alanna,Ritchie
Kitara,Mogodush
Zukafu,
Bertha,Pettie
Kurrivis,Kultan
Kishikutoku,
L'Kori,Roc
Sebo,Laczkó
Joseph,Ebert
Nona,Kruge
Kody,McKenzie
Mohammad,MacDonald
Cedivar,Clayhanger
Mikashimotafuto,
Kobalt,Abarsha
Tomacca,Burrows
Nikoletta,Pusztay
Primula,Gawkroger
Mikitotefu,
Alfrida,Proudfoot
K'tan,Elas
Reli,Karat
Etel,Makkay
Diamanda,Gawkroger
Tava,Kone
Cailean,Douglas
Criselda,Schmitz
Rebecca,Sutherland
Aran,Thomson
J'Eval,Kerpach
Kurinkita,
Rodek,Formorax
N'Hussa,Horon
Danyl,Martin
Mek,Levass
Lloyd,Lopez
Jill,Douglas
Savanna,Burrows
Tafuto,
Steven,Cameron
Korna,T'lak
Terry,Mast
Dóra,Szepesy
Arnoldo,Chipps
Tanta,Longhole
Zukutakitoteka,
Ruairi,Allan
Shifukato,
Shimomirikutataku,
B'Mira,Nivalli
Regina,Révész
Lisa,Vargo
Arabella,Chubb
Faramond,Banks
Szabolcs,Vigh
Kreg,Rajuc
Gormadoc,Mugwort
Marc,Findlay
Liza,Boross
Lily,Galbassi
Carson,Douglas
Saul,Forbes
Emily,Maclean
Shimoarikiku,
Nellie,Green
Evacska,Páll
Kev,Toral
Dora,Grubb
Bobby,Maddox
Jikikatotoka,
Cole,Grant
Tanta,Lothran
Arikatoteshika,
Donald,McCullar
Ceredic,Zaragamba
Marton,Saági
Marcel,Fleming
Varsàny,Sándor
Madoc,Took-Took
Gorhendad,Goldworthy
Jessamine,Galbassi
Bettina,Pintér
Marcho,Noakes
Jago,Labingi
Lukas,Docherty
Zukarinkuari,
Zukatoka,
Jimoshitemoto,
Khidri,Rovashi
L'Kara,Neygebh
Diamanda,Twofoot
Gerda,Goodchild
Andi,Crawford
Maciej,Fraser
Cormac,Black
Joan,Dublin
Angghal,Ilonari
Mungo,Brown
M'Gara,Zinlass
Melissa,Roper
Meikatachikushi,
Pimpernel,Galbassi
Ármin,Ferenc
Linda,Shaffer
Tekarukite,
Mekirin,
Ugor,Szép
Hildibrand,Goold
W'Kara,Gura
Kayley,Fraser
Shimozukushichi,
Eloise,Duncan
Hilda,Tûk
Temototoka,
Leigh,Wilson
Brad,Mitchell
Kerla,Linzor
Leyton,Johnston
Berylla,Boffin
Zumorito,
Charles,Smith
Skye,Cunningham
Rinkashime,
Imogen,Millar
Abaran,Mentori
Alice,Munro
Elvera,Crowe
Kiarikiteshimo,
Adele,McIntyre
Nokukashita,
Balbo,Button
Ellal,Regoric
Elliott,Grant
Brodie,McKay
Pimpernel,Noakes
Mária,Ferenc
Harriet,Smith
Kutemeikashite,
Darren,Scott
Izabella,Donko
Kahli,Torg
Liam,MacDonald
Zukutozukarinkito,
Ferumbras,Labingi
Gorrod,Mogodush
Rinkashifu,
Prima,Sackville-Baggins
Lucas,Murray
Peggy,Jorgensen
Iolo,Brownlock
Ch'Raqa,Fulmori
Etilka,Majer
Dale,Rosales
Prima,Baggins
Olo,Banks
Laura,Albert
Hayley,McGregor
Kerry,Sandoval
Ch'pok,Fulmori
Katogh,Drexa
Antal,Czakó
Dalma,Sebeök
Victoria,Milne
Arikarinkatochirika,
Mimosa,Tunnelly
Sam,Paterson
Kyle,MacDonald
Grossman,Brockhouse
Conlan,Thompson
Reegan,Gray
K'Kehla,Kanff
Cecile,Hayes
Gizi,Illés
Marcus,Smallburrow
Vixis,Formorax
Grimalda,Brown
Mónika,Német
Róbert,Seres
Gorbadoc,Lightfoot
Darda,Zsinkó
Mary,Powell
Bendegúz,Vadász
Nicolas,Hughes
G'Eneth,Noj
Selina,Gamgee
Donnamira,Whitfoot
Goldilocks,Puddifoot
Primula,Underhill
Maggie,Stinson
Anya,Jamieson
Moro,Maggot
Kuri,Rulek
Brandon,May
Briffo,Whitfoot
Cain,Shaw
Enen,Restagh
Sára,Tolnay
Eric,Bailey
Andi,White
Csaba,Kalmár
Abdullah,Reid
Bosco,Took-Took
Zumorito,
Lavinia,Whitfoot
Fortinbras,Took-Took
Baela,Urussig
Tre'gok,T'lak
Miles,Thomson
Meriadoc,Brockhouse
Nokarinkutaka,
Oguz,Lôrincz
Bryan,Miller
Ruth,Willett
L'Tava,Quarn
Arabella,Sackville
Halle,Jamieson
Nancsi,Szakály
Norikitakino,
Wendell,Anderson
Takitoteka,
Shikichika,
Gundobad,Brown
Torak,Nessarc
Kallaor,Korrd
Samuka,Pusztai
Fastolph,Longhole
Rinkashifu,
Barbara,Kántor
Bertuska,Gyarmaty
Estella,Lothran
Temotokatate,
Zukitatakiku,
Michael,Siegel
K'tal,Lorexen
Tess,Reid
Pablo,Campos
Bura,Tichar
Tétény,Szepesi
Kate,White
Tekatoka,
Aririkashimoto,
Mátyás,Smidt
Marót,Majer
Vivien,Lévay
Leskit,Pallara
Miller,Russell
Lamorac,Brandagamba
Borka,Ferenczy
Shimofu,
Adelbert,Labingi
Juliette,Millar
Hildibrand,Goold
W'Vixis,Axenni
Robert,Ortiz
Mary,Graham
W'Kara,Zinlass
Demi-lee,McGregor
Lisa,Tobin
Martuska,Gergely
Mekutotokuchiri,
Gloriana,Goodchild
Gyurka,Vöröss
Hassan,Wright
Vanda,Kôvári
Teca,Berecz
Holman,Clayhanger
Kurrivis,Helvari
Dana,Smith
Firenze,Forgáts
Ferike,Fazekas
Ellis,Reid
R'Kara,Kahnrah
Kris,Inagh
Goodwill,Gawkroger
Amalda,Fairbairn
Mat,Lightfoot
J'Hussa,Simparri
Zizi,Makai
Csombor,Tolnai
G'Maltzak,Ardaka
Zsa-zsa,Koncz
B'ijik,Kiosan
Rufus,Whitfoot
Shirley,Faulkner
Chirimorinkaari,
Rinkashifu,
Kelly,Richard
David,Workman
Rinkashime,
Annie,Eaton
Arabella,Tunnelly
Aridoarikato,
Tekuzumoshikari,
Helen,Larocco
Robert,Finley
L'Valkra,Rajuc
Belinda,Gammidge
Krouton,Zulor
Pamela,Picou
Olivér,Szôllôsi
Derrick,Edge
Gracie,Grant
Ubul,Szekeres
Poppy,Donaldson
Luke,McGregor
K'Ellal,Vrag
Jane,North
Ka'As,Badich
Margo,Csorba
Hector,McKenzie
Edward,Greenwood
Nahand,Took-Took
Ruaraidh,Macleod
Krala,Kellein
Takumoto,
Arthur,McGinty
Lushikukiteka,
Annamária,Bakos
Robert,Ritchie
Greva,Limur
Takitoteka,
Tolman,Gawkroger
Michael,Levesque
Leroy,Hodges
Medárd,Thury
Rinkashiaririka,
M'Kola,Rulek
Jasmine,Whitfoot
Nina,Puddifoot
Liza,Berényi
Kutakukatomoshi,
Nancsi,Erdei
Kurukutafuto,
Atilla,Schmidt
Isabel,Sears
Abbie,Thomson
Hazel,Fasano
Róbert,Pálffi
Elanor,Burrows
Chifutakushi,
Pentele,Szölôsy
Rukishijikiku,
Temotokatate,
Tekataku,
Tekatotofu,
Cameron,Adams
Krenn,Furstig
Zukukatotokuchichiku,
Kristy,Lagunas
Simone,Jennette
Tekarukite,
Takamifu,
Bella,Munro
Noah,Reid
Chirikushikuarika,
Luca,Burns
Millie,Hamilton
Ami,Donaldson
Tas,Sultész
W'Mira,Treth
Rebeka,Gaál
Takadoshika,
Belisarius,Tûk
Prisca,Brandagamba
Zukuariarikimika,
Ra'Ta,Vollox
Sonny,Muir
Seredic,Labingi
D'Vixis,Kaneida
Temodoji,
Michael,Hare
Arichikunorikatokiku,
Gary,Slaton
Kagga,Emara
Frankie,Cunningham
Shimozukushichi,
Flóra,Kardos
Linda,Russell
Margo,Szarka
Zizi,Németh
Annamária,Gölöncsér
Dennis,Hummel
Grala,Zu'ud
Teigan,Milne
Hugo,Sandheaver
Zsofia,Takácz
Nokachishikimikika,
Lél,Csordás
Larry,Howell
Lisa,Moore
Rachel,Pruden
Chikushishikiku,
Salvia,Took-Took
Frodo,Sackville-Baggins
Lori,Godsey
Katoteshikuari,
Glenn,Walker
Laila,Anderson
D'Leyra,Cultuic
Tarján,Gombos
Belinda,Bolger
Fodor,Polgár
Gilly,Took-Brandybuck
Rebecca,Bess
Rinkika,
Kian,Koru
M'Syna,Fulmori
Aridoarikato,
Zumorito,
Melba,Zaragamba
Fatima,Bunce
Pervinca,Burrowes
Eliza,Miller
Rez,Török
Mirikaarikichifu,
Emily,Steward
Malika,Gyenis
W'Mira,Mortran
Hending,Banks
Hallie,Campbell
Aimee-leigh,Mackenzie
Brandon,Rhodes
Joseph,Seymour
Ferdinand,Longhole
Maskan,Qarmduct
Tamodokiariku,
Adolfo,Croteau
Lydia,Sutherland
Barbara,Flowers
Goldilocks,Diggle
Kund,Havasi
Ellis,Donaldson
Lily,Noakes
Barbara,Lovász
Jucika,Komáromi
Ralph,Macias
Cornelia,Galbassi
Sebo,Lukáts
Togo,Banks
Seth,Maclean
Déagol,Took-Took
Tekarukite,
Szonja,Sáry
Laurence,McDonald
William,Jones
Jodi,Macleod
Chris,Shaw
Malcolm,Dickson
Jitamoshikika,
G'Eneth,K'mpec
Réka,Sallay
Wiktor,Gordon
Shovak,Araxa
Kutemeikashite,
Roxy,Thompson
Asphodel,Brownlock
Aririkishitakufu,
N'Kehla,Limmrii
Gyuszi,Sallai
Bryce,Donaldson
Takushimofu,
Kagran,Zanis
Lantos,Bodnár
Dina,Gamgee
Kate,Muir
Gilly,Sandyman
Aydin,Duncan
Mikey,Black
Mirishikiarichikitoku,
Kutemeikashite,
Bungo,Chubb
D'Kara,Formorax
Martin,Shaw
Bertuska,Szepessy
Jidoarichikarumo,
K'mpec,Noj
Moro,Boffin
N'Mira,Messesh
Rihanna,Taylor
Zukuchichifu,
Irenke,Széll
Hugo,Williams
Jess,Scott
Ronan,Watt
Tóbias,Clayhanger
Crispus,Sackville
Zukamikedotakitoku,
Candy,William
Earl,Erdman
Judit,Soós
Rinkashitafuari,
M'Luka,Agan
W'Mira,Kardis
Luka,K'Tal
Gundolpho,Gammidge
Fatima,Watson
Shaun,Wallace
Vicuska,Rátz
Amanda,Took-Took
Horace,Furman
Rinkashikitoka,
Dorika,Szél
László,Gelencsér
L'Valkra,Zanis
Eve,Sutherland
Lewis,Thompson
Cosimo,Took-Brandybuck
K'ven,Kenka
Samuka,Antall
Alisha,Boyle
Takitatakikato,
Tamzin,Hay
Ailsa,Hughes
Sarika,Demeter
Robi,Weress
Rikukachirikushi,
Baillie,Shaw
Lukacs,László
Karen,Woolery
Laurence,Moore
Tony,McKenzie
Kelly,Bergman
Tekarukite,
Hamza,Davidson
Flambard,Brockhouse
Charles,McIntyre
Lily,Bracegirdle
Valkra,Mivoloss
Matthew,Craig
Justin,Jamieson
Isembold,Chubb
Rinkashifu,
Isumbras,Took-Brandybuck
Adony,Söröss
J'Rena,Velai
Mirishikiarichifu,
Bildad,Gammidge
Rikumichimoshi,
Blanco,Brockhouse
Zukaarimoto,
Angelica,Brandybuck
Chikirinmochirifu,
Toby,Lightfoot
Treszka,Kardos
Konli,Ozhpri
Elaine,Pierson
Margo,Szûts
Sheryl,Hogg
Christian,Docherty
Adelbert,Button
Haiduc,Diggle
D'Lora,Quark
Mirren,Young
Abigail,Cameron
Nina,Sandheaver
Rikukachirikushi,
Evie,Simpson
Rodney,Beard
Kotkhe,Bolloch
Dukath,Kaas
Dora,Nivalli
Drex,Chang
Katochimotokika,
James,York
Katotoku,
Balázs,Szöllôsy
Tom,Zaragamba
Dezhe,Kordem
Meikitatakikarin,
Anasztaizia,Siposs
Francis,Bryant
Rinkimirikakuta,
Lauren,Macleod
Kutemeikito,
Rhoda,Lightfoot
Ryna,Quarn
Helen,McGraw
Zumoarikunori,
Elizabet,Tarr
Gyula,Berki
Diana,Wheeler
Bora,Oláh
Tekutotokiari,
Zsanett,Saághy
Abdullah,Stewart
L'Kori,Noggra
Patrícia,Kurucz
Frici,Kállay
Steven,Moreno
Farrah,Boyle
Richard,Brenner
John,Moran
Chikashika,
Francisco,Goodwin
Lestav,Daa'maq
Nancy,Martz
Erika,Budai
Hanna,Sági
M'Sira,SepIch
J'Eval,Gorkon
Deborah,Read
Bodi,Thury
Tyson,Journey
Kutaruka,
Veronika,Györfi
Katochirimotofu,
Dora,Gorv
Rikashimotate,
Xander,Duncan
Melissa,Gaukrogers
Zukuariarikiku,
Bladud,Chubb
Aaliyah,Kelly
Drew,Hughes
Roka,Mivoloss
Gabriel,Walmsley
Ryley,Williamson
Rorimac,Maggot
Samuka,Vig
Arabella,Bolger
Emmanuel,Reilly
Rinkatodokuta,
Esmeralda,Hogpen
Ja'rod,Zantir
Terry,Smallwood
Celendine,Brown
Diamond,Button
James,Ferrell
Margon,Toragh
McKenzie,Wilson
Tokatomifu,
Erzsok,Kuncz
Ka'ar,Rannuf
Merimac,Lothran
Ilberic,Burrows
Lukara,Graf
Erzsok,Bányay
Leonila,Scott
Lucia,Brown
Zumofumiku,
Tokachirikato,
Keith,Thompson
Bercilac,Goodbody
Mona,Reaves
Olivér,Benkö
T'Sira,Valaxar
Zukamime,
Mary,Graham
Jeremy,Thompson
M'kota,Rulek
Kaplony,Simko
Zukarinkuari,
Valkris,Mnemon
Aridoarikato,
Shona,Christie
Mekirinzukushitafu,
Ktala,Simpalla
Rinkashichirika,
Elias,Milne
Lushikatomikiarimimo,
Polo,Gammidge
Koryo,G'Iogh
Wilibald,Brandagamba
Valkra,Anag
Mira,Riskal
Kalman,Bartha
Ranugad,Mugwort
Melinda,Budai
W'Lika,Antaak
Goldilocks,Hayward
Katojikuta,
W'Stihla,Kerpach
Ompoly,Szôllôssi
Zsuzsanna,Imre
Paliki,Mezey
Zukukato,
B'etor,Mortran
Shenara,Toral
K'jarg,Axenni
Arthur,Baines
Dean,Cameron
Ashley,Walker
Kirstin,White
Jolan,Sáry
Bertalan,Pintér
Tokatomifu,
Juan,Pena
Francis,Espinoza
Primrose,Bolger-Baggins
Sigismond,Rumble
Saradoc,Burrows
G'Eneth,Targesh
Aririkatoku,
K'trelan,Rustazh
Fulvus,Took-Took
Nusi,Soltész
Bellisima,Clayhanger
Mikashita,
Lukas,Forbes
Tas,Ambrus
Ra'Ta,Kanff
Takatomiku,
Saul,Allan
Rokis,Semparri
Markos,Gyarmaty
Pete,Chavis
Folkus,Jakab
Zudotekichiri,
Poppy,Sandheaver
Tamoshiki,
Crassus,Hogpen
Rinkashifu,
Stella,Marshall
Kerr,Yatron
Courtney,Ault
Margaret,Gibson
Alyx,Alexander
Firenze,Györfy
Twyla,Ammons
Michael,Arevalo
Kushikime,
Péter,Szilágyi
Rimomeikashite,
Marco,Hay
Krouton,Hurn
Banazir,Sandyman
Bendegúz,Szölösi
Kehli,Yatron
Nellie,Blouin
Gizi,Mihály
Nokachishikimime,
Katakimikika,
Kalitta,Galann
Hildifons,Headstrong
Danielle,Herndon
Tom,Greenhand
Bellisima,Baggins
Jensen,Paterson
Zumokufu,
Tobold,Sandyman
Tamodokiari,
Ka'Cho,Lomakh
Juci,Török
Rikitarinka,
Mirishikiarichikitoka,
Aririkishitakufu,
G'Naana,Trimori
Ervin,Szigeti
Karys,Sutherland
Cora,Brown
Stex,Urussig
Duenna,Rumble
Marcsa,Horvát
Kíra,Györffi
Rinkimirikakuta,
Rukimotakuchi,
Kutejikashi,
Frodo,Twofoot
Martha,Evans
Kee'Bhor,Surn
Darrell,Smith
Iris,Muir
Zumorito,
Freddy,Reaves
Leah,Munro
Maxwell,Allan
Ishbel,Hay
Ga'Ka,Grilka
Cara,Took-Took
Naomi,Young
Muhammad,Graham
Arron,Ritchie
Milo,Sinclair
Oliver,Frisbie
William,Laurel
Peony,Bracegirdle
G'Vixis,Rannuf
Emmie,Murphy
Nicolas,McGregor
Amanda,Long
Shannon,Grant
Isengrin,Tunnelly
Arron,McKenzie
Brennan,Scott
M'Vixis,Linarack
Tekinakiku,
Mirikashitakuari,
Rorg,Axenni
Borhala,Puskás
Duenna,Brown
Elsa,Stevenson
Borsala,Márkus
Thersa,Reyes
Brian,Jimenez
Tadotaka,
Kitara,Formorax
Troy,Willson
Rosamunda,Took
Grant,Marshall
Fodor,Pál
Reilly,Allan
Kutarukishika,
Jacqueline,Palmer
M'Kara,Onnak
Katalushikutemo,
Dodinas,Banks
Bruno,Reid
Pandora,Took-Took
Regina,Szôcs
Marco,Ferguson
Zsuska,Kántor
Kkorhetza,Olmai
Tekatokikuta,
Abdul,McIntyre
Debra,Halterman
Bercilac,Baggins
Rocky,Dingle
Jishikuchimirikuto,
Jennifer,Tyler
Tia,Macleod
D'Korrda,Darj
Tekikatoku,
Malva,Sackville
Rinkatotefu,
Vanda,Hofmann
Matthew,Baker
Ralph,Martinez
Celia,Bernard
Iris,Forbes
Wilimar,Labingi
Mekutatafu,
Fulop,Benke
Madoc,Banks
Ana,Stewart
Szilárd,Szôllôssi
Jonathon,Clayton
Sira,Mogodush
James,Allen
Roderic,Lothran
B'etor,Kotzher
Mantissa,Brockhouse
Szabolcs,Csizmazia
Marla,Jorn
Daniel,Woods
Yolanda,Chubb
Maja,Wright
Jamie-leigh,Black
Shikafurinmotote,
Semolina,Sackville-Baggins
Karinfu,
Ildiko,Rigó
Milo,Williamson
Mitakitochimoto,
Tom,Sandyman
Regina,Kathona
Kemarrin,Trothir
Kozak,Olmai
Conrad,Burrowes
Katarina,Pálinkás
Gabor,Földy
Razanur,Gammidge
Amethyst,Goodbody
G'Klorgho,Kodash
Tomoshirinka,
N'Kehla,Varnak
Jolly,Gammidge
Santos,Pass
Hilda,Gamgee
Maci,Wilson
Shena,Torath
Cora,Gardner
Koryo,Hurgoh
G'Mora,Antaak
Regx,Bodor
Ferko,Zsinka
Kye,Aitken
Juanita,Reilly
Ranugad,Lothran
Rikatakitoka,
Borhala,Simka
Yvie,Hamilton
Mara,Rinn
Myrtle,Gamgee
Andwise,Roper
Violet,Perkins
Curtis,Knight
Bryan,Hunter
M'Kehla,Rajuc
Bungo,Sandyman
Renátó,Magyar
Esmeralda,Brandybuck
Ninacska,Makkay
Charley,Watt
Zumorito,
Thomas,Watt
Kuri,Elas
Ch'Gira,Kamril
Gréta,Pollák
Garry,Milne
Margaret,Ferguson
Mikaariarikatoteshika,
Takitoteka,
Bellisima,Maggot
K'vada,Hurric
Marcell,Szepessi
Nokarinkutaka,
Ruth,Donley
Dawn,Vasquez
Melanie,Geter
Ruby,Puddifoot
Dalma,Soltész
Darryl,Wood
Sira,Laggal
Charles,Beavers
Mekukichiri,
Lourn,Laggal
Rikitateka,
Bajnok,Kováts
Annette,Maldonado
Adrian,Simpson
Orzsebet,Gölöncsér
Charlie,McKay
Keppa,Ozhpri
Kamtav,Mentori
Goldilocks,Proudfoot
Peony,Twofoot
Zushikikato,
Tomasz,White
Da'Ga,Zu'ud
Thomas,Bumgardner
Maddison,Clark
Sheryl,Perez
Misty,Cooper
Drogo,Gammidge
Rinkimeku,
Zukutotokilukushi,
Katherine,McFalls
Maryam,Crawford
Sára,Szarka
Primula,Goold
Yolanda,Gamgee
Jikiarikutaku,
Patrycja,Donaldson
Finley,Sutherland
Kerlaa,Trisra
Flavus,Brown
Hayden,Forbes
Hanna,McLean
Gloriana,Mugwort
Jessica,Vaughan
Sean,Yarger
Bela,Balogh
Sky,McKenzie
Flóra,Petheô
Ch'Vana,Palkar
Gina,Griggs
Sammy,Luper
Gwen,Foust
Kuri,Rrilac
Jon,Kaufman
Tamodokiariku,
Bettie,McGraw
Jázmin,Fodor
Bella,Muir
Jason,Anderson
Rowan,Bolger
Matthew,Williamson
Tekutokuariku,
N'Kehla,Rejac
